SampleID, process,                                                      xsectioninpb, filtereff,  kfactor,       uncertup, uncertdown, generator,                                                   etag
301000,   PowhegPythia8EvtGen_AZNLOCTEQ6L1_DYee_120M180,                17.477,       1.0000E+00, 1.0,           0.0,      0.0,        Powheg(v1_r2856)+Pythia8(v8.186)+EvtGen(v1.2.0)+Photospp,    e3649
301001,   PowhegPythia8EvtGen_AZNLOCTEQ6L1_DYee_180M250,                2.9215,       1.0000E+00, 1.0,           0.0,      0.0,        Powheg(v1_r2856)+Pythia8(v8.186)+EvtGen(v1.2.0)+Photospp,    e3649
301002,   PowhegPythia8EvtGen_AZNLOCTEQ6L1_DYee_250M400,                1.0819,       1.0000E+00, 1.0,           0.0,      0.0,        Powheg(v1_r2856)+Pythia8(v8.186)+EvtGen(v1.2.0)+Photospp,    e3649
301003,   PowhegPythia8EvtGen_AZNLOCTEQ6L1_DYee_400M600,                0.19551,      1.0000E+00, 1.0,           0.0,      0.0,        Powheg(v1_r2856)+Pythia8(v8.186)+EvtGen(v1.2.0)+Photospp,    e3649
301004,   PowhegPythia8EvtGen_AZNLOCTEQ6L1_DYee_600M800,                0.037403,     1.0000E+00, 1.0,           0.0,      0.0,        Powheg(v1_r2856)+Pythia8(v8.186)+EvtGen(v1.2.0)+Photospp,    e3649
301005,   PowhegPythia8EvtGen_AZNLOCTEQ6L1_DYee_800M1000,               0.010607,     1.0000E+00, 1.0,           0.0,      0.0,        Powheg(v1_r2856)+Pythia8(v8.186)+EvtGen(v1.2.0)+Photospp,    e3649
301006,   PowhegPythia8EvtGen_AZNLOCTEQ6L1_DYee_1000M1250,              0.0042586,    1.0000E+00, 1.0,           0.0,      0.0,        Powheg(v1_r2856)+Pythia8(v8.186)+EvtGen(v1.2.0)+Photospp,    e3649
301007,   PowhegPythia8EvtGen_AZNLOCTEQ6L1_DYee_1250M1500,              0.001422,     1.0000E+00, 1.0,           0.0,      0.0,        Powheg(v1_r2856)+Pythia8(v8.186)+EvtGen(v1.2.0)+Photospp,    e3649
301008,   PowhegPythia8EvtGen_AZNLOCTEQ6L1_DYee_1500M1750,              0.00054526,   1.0000E+00, 1.0,           0.0,      0.0,        Powheg(v1_r2856)+Pythia8(v8.186)+EvtGen(v1.2.0)+Photospp,    e3649
301009,   PowhegPythia8EvtGen_AZNLOCTEQ6L1_DYee_1750M2000,              0.00022993,   1.0000E+00, 1.0,           0.0,      0.0,        Powheg(v1_r2856)+Pythia8(v8.186)+EvtGen(v1.2.0)+Photospp,    e3649
301010,   PowhegPythia8EvtGen_AZNLOCTEQ6L1_DYee_2000M2250,              0.00010386,   1.0000E+00, 1.0,           0.0,      0.0,        Powheg(v1_r2856)+Pythia8(v8.186)+EvtGen(v1.2.0)+Photospp,    e3649
301011,   PowhegPythia8EvtGen_AZNLOCTEQ6L1_DYee_2250M2500,              4.9403e-05,   1.0000E+00, 1.0,           0.0,      0.0,        Powheg(v1_r2856)+Pythia8(v8.186)+EvtGen(v1.2.0)+Photospp,    e3649
301012,   PowhegPythia8EvtGen_AZNLOCTEQ6L1_DYee_2500M2750,              2.4454e-05,   1.0000E+00, 1.0,           0.0,      0.0,        Powheg(v1_r2856)+Pythia8(v8.186)+EvtGen(v1.2.0)+Photospp,    e3649
301013,   PowhegPythia8EvtGen_AZNLOCTEQ6L1_DYee_2750M3000,              1.249e-05,    1.0000E+00, 1.0,           0.0,      0.0,        Powheg(v1_r2856)+Pythia8(v8.186)+EvtGen(v1.2.0)+Photospp,    e3649
301014,   PowhegPythia8EvtGen_AZNLOCTEQ6L1_DYee_3000M3500,              1.003e-05,    1.0000E+00, 1.0,           0.0,      0.0,        Powheg(v1_r2856)+Pythia8(v8.186)+EvtGen(v1.2.0)+Photospp,    e3649
301015,   PowhegPythia8EvtGen_AZNLOCTEQ6L1_DYee_3500M4000,              2.9344e-06,   1.0000E+00, 1.0,           0.0,      0.0,        Powheg(v1_r2856)+Pythia8(v8.186)+EvtGen(v1.2.0)+Photospp,    e3649
301016,   PowhegPythia8EvtGen_AZNLOCTEQ6L1_DYee_4000M4500,              8.9767e-07,   1.0000E+00, 1.0,           0.0,      0.0,        Powheg(v1_r2856)+Pythia8(v8.186)+EvtGen(v1.2.0)+Photospp,    e3649
301017,   PowhegPythia8EvtGen_AZNLOCTEQ6L1_DYee_4500M5000,              2.8071e-07,   1.0000E+00, 1.0,           0.0,      0.0,        Powheg(v1_r2856)+Pythia8(v8.186)+EvtGen(v1.2.0)+Photospp,    e3649
301018,   PowhegPythia8EvtGen_AZNLOCTEQ6L1_DYee_5000M,                  1.2647e-07,   1.0000E+00, 1.0,           0.0,      0.0,        Powheg(v1_r2856)+Pythia8(v8.186)+EvtGen(v1.2.0)+Photospp,    e3649
301020,   PowhegPythia8EvtGen_AZNLOCTEQ6L1_DYmumu_120M180,              17.477,       1.0000E+00, 1.0,           0.0,      0.0,        Powheg(v1_r2856)+Pythia8(v8.186)+EvtGen(v1.2.0)+Photospp,    e3649
301021,   PowhegPythia8EvtGen_AZNLOCTEQ6L1_DYmumu_180M250,              2.9215,       1.0000E+00, 1.0,           0.0,      0.0,        Powheg(v1_r2856)+Pythia8(v8.186)+EvtGen(v1.2.0)+Photospp,    e3649
301022,   PowhegPythia8EvtGen_AZNLOCTEQ6L1_DYmumu_250M400,              1.0819,       1.0000E+00, 1.0,           0.0,      0.0,        Powheg(v1_r2856)+Pythia8(v8.186)+EvtGen(v1.2.0)+Photospp,    e3649
301023,   PowhegPythia8EvtGen_AZNLOCTEQ6L1_DYmumu_400M600,              0.19551,      1.0000E+00, 1.0,           0.0,      0.0,        Powheg(v1_r2856)+Pythia8(v8.186)+EvtGen(v1.2.0)+Photospp,    e3649
301024,   PowhegPythia8EvtGen_AZNLOCTEQ6L1_DYmumu_600M800,              0.037403,     1.0000E+00, 1.0,           0.0,      0.0,        Powheg(v1_r2856)+Pythia8(v8.186)+EvtGen(v1.2.0)+Photospp,    e3649
301025,   PowhegPythia8EvtGen_AZNLOCTEQ6L1_DYmumu_800M1000,             0.010607,     1.0000E+00, 1.0,           0.0,      0.0,        Powheg(v1_r2856)+Pythia8(v8.186)+EvtGen(v1.2.0)+Photospp,    e3649
301026,   PowhegPythia8EvtGen_AZNLOCTEQ6L1_DYmumu_1000M1250,            0.0042586,    1.0000E+00, 1.0,           0.0,      0.0,        Powheg(v1_r2856)+Pythia8(v8.186)+EvtGen(v1.2.0)+Photospp,    e3649
301027,   PowhegPythia8EvtGen_AZNLOCTEQ6L1_DYmumu_1250M1500,            0.001422,     1.0000E+00, 1.0,           0.0,      0.0,        Powheg(v1_r2856)+Pythia8(v8.186)+EvtGen(v1.2.0)+Photospp,    e3649
301028,   PowhegPythia8EvtGen_AZNLOCTEQ6L1_DYmumu_1500M1750,            0.00054526,   1.0000E+00, 1.0,           0.0,      0.0,        Powheg(v1_r2856)+Pythia8(v8.186)+EvtGen(v1.2.0)+Photospp,    e3649
301029,   PowhegPythia8EvtGen_AZNLOCTEQ6L1_DYmumu_1750M2000,            0.00022992,   1.0000E+00, 1.0,           0.0,      0.0,        Powheg(v1_r2856)+Pythia8(v8.186)+EvtGen(v1.2.0)+Photospp,    e3649
301030,   PowhegPythia8EvtGen_AZNLOCTEQ6L1_DYmumu_2000M2250,            0.00010387,   1.0000E+00, 1.0,           0.0,      0.0,        Powheg(v1_r2856)+Pythia8(v8.186)+EvtGen(v1.2.0)+Photospp,    e3649
301031,   PowhegPythia8EvtGen_AZNLOCTEQ6L1_DYmumu_2250M2500,            4.9404e-05,   1.0000E+00, 1.0,           0.0,      0.0,        Powheg(v1_r2856)+Pythia8(v8.186)+EvtGen(v1.2.0)+Photospp,    e3649
301032,   PowhegPythia8EvtGen_AZNLOCTEQ6L1_DYmumu_2500M2750,            2.4454e-05,   1.0000E+00, 1.0,           0.0,      0.0,        Powheg(v1_r2856)+Pythia8(v8.186)+EvtGen(v1.2.0)+Photospp,    e3649
301033,   PowhegPythia8EvtGen_AZNLOCTEQ6L1_DYmumu_2750M3000,            1.249e-05,    1.0000E+00, 1.0,           0.0,      0.0,        Powheg(v1_r2856)+Pythia8(v8.186)+EvtGen(v1.2.0)+Photospp,    e3649
301034,   PowhegPythia8EvtGen_AZNLOCTEQ6L1_DYmumu_3000M3500,            1.003e-05,    1.0000E+00, 1.0,           0.0,      0.0,        Powheg(v1_r2856)+Pythia8(v8.186)+EvtGen(v1.2.0)+Photospp,    e3649
301035,   PowhegPythia8EvtGen_AZNLOCTEQ6L1_DYmumu_3500M4000,            2.9344e-06,   1.0000E+00, 1.0,           0.0,      0.0,        Powheg(v1_r2856)+Pythia8(v8.186)+EvtGen(v1.2.0)+Photospp,    e3649
301036,   PowhegPythia8EvtGen_AZNLOCTEQ6L1_DYmumu_4000M4500,            8.977e-07,    1.0000E+00, 1.0,           0.0,      0.0,        Powheg(v1_r2856)+Pythia8(v8.186)+EvtGen(v1.2.0)+Photospp,    e3649
301037,   PowhegPythia8EvtGen_AZNLOCTEQ6L1_DYmumu_4500M5000,            2.8072e-07,   1.0000E+00, 1.0,           0.0,      0.0,        Powheg(v1_r2856)+Pythia8(v8.186)+EvtGen(v1.2.0)+Photospp,    e3649
301038,   PowhegPythia8EvtGen_AZNLOCTEQ6L1_DYmumu_5000M,                1.2648e-07,   1.0000E+00, 1.0,           0.0,      0.0,        Powheg(v1_r2856)+Pythia8(v8.186)+EvtGen(v1.2.0)+Photospp,    e3649
301040,   PowhegPythia8EvtGen_AZNLOCTEQ6L1_DYtautau_120M180,            17.476,       1.0000E+00, 1.0,           0.0,      0.0,        Powheg(v1_r2856)+Pythia8(v8.186)+EvtGen(v1.2.0),             e3649
301041,   PowhegPythia8EvtGen_AZNLOCTEQ6L1_DYtautau_180M250,            2.9213,       1.0000E+00, 1.0,           0.0,      0.0,        Powheg(v1_r2856)+Pythia8(v8.186)+EvtGen(v1.2.0),             e3649
301042,   PowhegPythia8EvtGen_AZNLOCTEQ6L1_DYtautau_250M400,            1.0819,       1.0000E+00, 1.0,           0.0,      0.0,        Powheg(v1_r2856)+Pythia8(v8.186)+EvtGen(v1.2.0),             e3649
301043,   PowhegPythia8EvtGen_AZNLOCTEQ6L1_DYtautau_400M600,            0.19551,      1.0000E+00, 1.0,           0.0,      0.0,        Powheg(v1_r2856)+Pythia8(v8.186)+EvtGen(v1.2.0),             e3649
301044,   PowhegPythia8EvtGen_AZNLOCTEQ6L1_DYtautau_600M800,            0.037402,     1.0000E+00, 1.0,           0.0,      0.0,        Powheg(v1_r2856)+Pythia8(v8.186)+EvtGen(v1.2.0),             e3649
301045,   PowhegPythia8EvtGen_AZNLOCTEQ6L1_DYtautau_800M1000,           0.010607,     1.0000E+00, 1.0,           0.0,      0.0,        Powheg(v1_r2856)+Pythia8(v8.186)+EvtGen(v1.2.0),             e3649
301046,   PowhegPythia8EvtGen_AZNLOCTEQ6L1_DYtautau_1000M1250,          0.0042585,    1.0000E+00, 1.0,           0.0,      0.0,        Powheg(v1_r2856)+Pythia8(v8.186)+EvtGen(v1.2.0),             e3649
301047,   PowhegPythia8EvtGen_AZNLOCTEQ6L1_DYtautau_1250M1500,          0.001422,     1.0000E+00, 1.0,           0.0,      0.0,        Powheg(v1_r2856)+Pythia8(v8.186)+EvtGen(v1.2.0),             e3649
301048,   PowhegPythia8EvtGen_AZNLOCTEQ6L1_DYtautau_1500M1750,          0.00054525,   1.0000E+00, 1.0,           0.0,      0.0,        Powheg(v1_r2856)+Pythia8(v8.186)+EvtGen(v1.2.0),             e3649
301049,   PowhegPythia8EvtGen_AZNLOCTEQ6L1_DYtautau_1750M2000,          0.00022993,   1.0000E+00, 1.0,           0.0,      0.0,        Powheg(v1_r2856)+Pythia8(v8.186)+EvtGen(v1.2.0),             e3649
301050,   PowhegPythia8EvtGen_AZNLOCTEQ6L1_DYtautau_2000M2250,          0.00010386,   1.0000E+00, 1.0,           0.0,      0.0,        Powheg(v1_r2856)+Pythia8(v8.186)+EvtGen(v1.2.0),             e3649
301051,   PowhegPythia8EvtGen_AZNLOCTEQ6L1_DYtautau_2250M2500,          4.9403e-05,   1.0000E+00, 1.0,           0.0,      0.0,        Powheg(v1_r2856)+Pythia8(v8.186)+EvtGen(v1.2.0),             e3649
301052,   PowhegPythia8EvtGen_AZNLOCTEQ6L1_DYtautau_2500M2750,          2.4454e-05,   1.0000E+00, 1.0,           0.0,      0.0,        Powheg(v1_r2856)+Pythia8(v8.186)+EvtGen(v1.2.0),             e3649
301053,   PowhegPythia8EvtGen_AZNLOCTEQ6L1_DYtautau_2750M3000,          1.2489e-05,   1.0000E+00, 1.0,           0.0,      0.0,        Powheg(v1_r2856)+Pythia8(v8.186)+EvtGen(v1.2.0),             e3649
301054,   PowhegPythia8EvtGen_AZNLOCTEQ6L1_DYtautau_3000M3500,          1.003e-05,    1.0000E+00, 1.0,           0.0,      0.0,        Powheg(v1_r2856)+Pythia8(v8.186)+EvtGen(v1.2.0),             e3649
301055,   PowhegPythia8EvtGen_AZNLOCTEQ6L1_DYtautau_3500M4000,          2.9343e-06,   1.0000E+00, 1.0,           0.0,      0.0,        Powheg(v1_r2856)+Pythia8(v8.186)+EvtGen(v1.2.0),             e3649
301056,   PowhegPythia8EvtGen_AZNLOCTEQ6L1_DYtautau_4000M4500,          8.9767e-07,   1.0000E+00, 1.0,           0.0,      0.0,        Powheg(v1_r2856)+Pythia8(v8.186)+EvtGen(v1.2.0),             e3649
301057,   PowhegPythia8EvtGen_AZNLOCTEQ6L1_DYtautau_4500M5000,          2.8072e-07,   1.0000E+00, 1.0,           0.0,      0.0,        Powheg(v1_r2856)+Pythia8(v8.186)+EvtGen(v1.2.0),             e3649
301058,   PowhegPythia8EvtGen_AZNLOCTEQ6L1_DYtautau_5000M,              1.2648e-07,   1.0000E+00, 1.0,           0.0,      0.0,        Powheg(v1_r2856)+Pythia8(v8.186)+EvtGen(v1.2.0),             e3649
311005,   MadGraphPythia8EvtGen_A14N30NLO_S1TbLQtau_M400_l0_3,          0.014343,     1.0000E+00, 1.0,           0.0,      0.0,        MadGraph.2.6.1+Pythia8.230+EvtGen,                           e7220
311006,   MadGraphPythia8EvtGen_A14N30NLO_S1TbLQtau_M700_l0_3,          0.00079974,   1.0000E+00, 1.0,           0.0,      0.0,        MadGraph.2.6.1+Pythia8.230+EvtGen,                           e7220
311007,   MadGraphPythia8EvtGen_A14N30NLO_S1TbLQtau_M900_l0_3,          0.0001866,    1.0000E+00, 1.0,           0.0,      0.0,        MadGraph.2.6.1+Pythia8.230+EvtGen,                           e7220
311008,   MadGraphPythia8EvtGen_A14N30NLO_S1TbLQtau_M1200_l0_3,         3.026e-05,    1.0000E+00, 1.0,           0.0,      0.0,        MadGraph.2.6.1+Pythia8.230+EvtGen,                           e7220
341856,   aMcAtNloPythia8EvtGen_A14NNPDF23LO_bbH125_yb2_tautaulh,       0.42718,      4.5460E-01, 1.0,           0.0,      0.0,        MadGraph5_aMC@NLO(v2.2.3.p0)+Pythia8(v8.205)+EvtGen(v1.2.0), e4482
341857,   aMcAtNloPythia8EvtGen_A14NNPDF23LO_bbH150_yb2_tautaulh,       0.23227,      4.5448E-01, 1.0,           0.0,      0.0,        MadGraph5_aMC@NLO(v2.3.3.p1)+Pythia8(v8.212)+EvtGen(v1.2.0), e5686
341858,   aMcAtNloPythia8EvtGen_A14NNPDF23LO_bbH200_yb2_tautaulh,       0.084498,     4.5558E-01, 1.0,           0.0,      0.0,        MadGraph5_aMC@NLO(v2.2.3.p0)+Pythia8(v8.205)+EvtGen(v1.2.0), e4482
341859,   aMcAtNloPythia8EvtGen_A14NNPDF23LO_bbH250_yb2_tautaulh,       0.036454,     4.5406E-01, 1.0,           0.0,      0.0,        MadGraph5_aMC@NLO(v2.3.3.p1)+Pythia8(v8.212)+EvtGen(v1.2.0), e5686
341860,   aMcAtNloPythia8EvtGen_A14NNPDF23LO_bbH300_yb2_tautaulh,       0.017668,     4.5424E-01, 1.0,           0.0,      0.0,        MadGraph5_aMC@NLO(v2.2.3.p0)+Pythia8(v8.205)+EvtGen(v1.2.0), e4482
341861,   aMcAtNloPythia8EvtGen_A14NNPDF23LO_bbH350_yb2_tautaulh,       0.0094074,    4.5399E-01, 1.0,           0.0,      0.0,        MadGraph5_aMC@NLO(v2.2.3.p0)+Pythia8(v8.205)+EvtGen(v1.2.0), e4482
341862,   aMcAtNloPythia8EvtGen_A14NNPDF23LO_bbH400_yb2_tautaulh,       0.005283,     4.5665E-01, 1.0,           0.0,      0.0,        MadGraph5_aMC@NLO(v2.2.3.p0)+Pythia8(v8.205)+EvtGen(v1.2.0), e4298
341863,   aMcAtNloPythia8EvtGen_A14NNPDF23LO_bbH500_yb2_tautaulh,       0.0019589,    4.5454E-01, 1.0,           0.0,      0.0,        MadGraph5_aMC@NLO(v2.2.3.p0)+Pythia8(v8.205)+EvtGen(v1.2.0), e4482
341864,   aMcAtNloPythia8EvtGen_A14NNPDF23LO_bbH600_yb2_tautaulh,       0.00082623,   4.5632E-01, 1.0,           0.0,      0.0,        MadGraph5_aMC@NLO(v2.2.3.p0)+Pythia8(v8.205)+EvtGen(v1.2.0), e4482
341865,   aMcAtNloPythia8EvtGen_A14NNPDF23LO_bbH700_yb2_tautaulh,       0.00038703,   4.5573E-01, 1.0,           0.0,      0.0,        MadGraph5_aMC@NLO(v2.2.3.p0)+Pythia8(v8.205)+EvtGen(v1.2.0), e4482
341866,   aMcAtNloPythia8EvtGen_A14NNPDF23LO_bbH800_yb2_tautaulh,       0.00019529,   4.5559E-01, 1.0,           0.0,      0.0,        MadGraph5_aMC@NLO(v2.2.3.p0)+Pythia8(v8.205)+EvtGen(v1.2.0), e4482
341868,   aMcAtNloPythia8EvtGen_A14NNPDF23LO_bbH1000_yb2_tautaulh,      5.8263e-05,   4.5438E-01, 1.0,           0.0,      0.0,        MadGraph5_aMC@NLO(v2.2.3.p0)+Pythia8(v8.205)+EvtGen(v1.2.0), e4298
341870,   aMcAtNloPythia8EvtGen_A14NNPDF23LO_bbH1200_yb2_tautaulh,      2.0508e-05,   4.5391E-01, 1.0,           0.0,      0.0,        MadGraph5_aMC@NLO(v2.2.3.p0)+Pythia8(v8.205)+EvtGen(v1.2.0), e4482
341873,   aMcAtNloPythia8EvtGen_A14NNPDF23LO_bbH1500_yb2_tautaulh,      5.1141e-06,   4.5591E-01, 1.0,           0.0,      0.0,        MadGraph5_aMC@NLO(v2.2.3.p3)+Pythia8(v8.210)+EvtGen(v1.2.0), e5314
342305,   PowhegPythia8EvtGen_CT10_AZNLOCTEQ6L1_ggH200W1_tautaulh,      12.211,       4.5490E-01, 1.0,           0.0,      0.0,        Powheg(v1_r2856)+Pythia8(v8.186)+EvtGen(v1.2.0),             e4284
342308,   PowhegPythia8EvtGen_CT10_AZNLOCTEQ6L1_ggH250W1_tautaulh,      8.3951,       4.5526E-01, 1.0,           0.0,      0.0,        Powheg(v1_r2856)+Pythia8(v8.186)+EvtGen(v1.2.0),             e4284
342310,   PowhegPythia8EvtGen_CT10_AZNLOCTEQ6L1_ggH300W2_tautaulh,      6.6562,       4.5554E-01, 1.0,           0.0,      0.0,        Powheg(v1_r2856)+Pythia8(v8.186)+EvtGen(v1.2.0),             e4284
342312,   PowhegPythia8EvtGen_CT10_AZNLOCTEQ6L1_ggH350W3_tautaulh,      6.7896,       4.5487E-01, 1.0,           0.0,      0.0,        Powheg(v1_r2856)+Pythia8(v8.186)+EvtGen(v1.2.0),             e4284
342314,   PowhegPythia8EvtGen_CT10_AZNLOCTEQ6L1_ggH400W5_tautaulh,      6.2935,       4.5461E-01, 1.0,           0.0,      0.0,        Powheg(v1_r2856)+Pythia8(v8.186)+EvtGen(v1.2.0),             e4284
342316,   PowhegPythia8EvtGen_CT10_AZNLOCTEQ6L1_ggH500W5_tautaulh,      3.074,        4.5539E-01, 1.0,           0.0,      0.0,        Powheg(v1_r2856)+Pythia8(v8.186)+EvtGen(v1.2.0),             e4284
342318,   PowhegPythia8EvtGen_CT10_AZNLOCTEQ6L1_ggH600W10_tautaulh,     1.3801,       4.5508E-01, 1.0,           0.0,      0.0,        Powheg(v1_r2856)+Pythia8(v8.186)+EvtGen(v1.2.0),             e4284
342320,   PowhegPythia8EvtGen_CT10_AZNLOCTEQ6L1_ggH700W20_tautaulh,     0.64949,      4.5550E-01, 1.0,           0.0,      0.0,        Powheg(v1_r2856)+Pythia8(v8.186)+EvtGen(v1.2.0),             e4284
342322,   PowhegPythia8EvtGen_CT10_AZNLOCTEQ6L1_ggH800W20_tautaulh,     0.32277,      4.5591E-01, 1.0,           0.0,      0.0,        Powheg(v1_r2856)+Pythia8(v8.186)+EvtGen(v1.2.0),             e4284
342326,   PowhegPythia8EvtGen_CT10_AZNLOCTEQ6L1_ggH1000W30_tautaulh,    0.093746,     4.5610E-01, 1.0,           0.0,      0.0,        Powheg(v1_r2856)+Pythia8(v8.186)+EvtGen(v1.2.0),             e4284
342330,   PowhegPythia8EvtGen_CT10_AZNLOCTEQ6L1_ggH1200W40_tautaulh,    0.028722,     4.5556E-01, 1.0,           0.0,      0.0,        Powheg(v1_r2856)+Pythia8(v8.186)+EvtGen(v1.2.0),             e4284
342336,   PowhegPythia8EvtGen_CT10_AZNLOCTEQ6L1_ggH1500W60_tautaulh,    0.0061081,    4.5554E-01, 1.0,           0.0,      0.0,        Powheg(v1_r2856)+Pythia8(v8.186)+EvtGen(v1.2.0),             e4284
345289,   aMcAtNloPythia8EvtGen_A14NNPDF23LO_bbH2000_yb2_tautaulh,      7.2072e-07,   4.5407E-01, 1.0,           0.0,      0.0,        MadGraph5_aMC@NLO(v2.3.3.p1)+Pythia8(v8.212)+EvtGen(v1.2.0), e5686
345293,   aMcAtNloPythia8EvtGen_A14NNPDF23LO_bbH2500_yb2_tautaulh,      1.3099e-07,   4.5609E-01, 1.0,           0.0,      0.0,        MadGraph5_aMC@NLO(v2.3.3.p1)+Pythia8(v8.212)+EvtGen(v1.2.0), e5686
345297,   PowhegPythia8EvtGen_CT10_AZNLOCTEQ6L1_ggH2000W80_tautaulh,    0.00077942,   4.5508E-01, 1.0,           0.0,      0.0,        Powheg(v2_r3080)+Pythia8(v8.212)+EvtGen(v1.2.0),             e5685
345301,   PowhegPythia8EvtGen_CT10_AZNLOCTEQ6L1_ggH2500W100_tautaulh,   0.0001322,    4.5559E-01, 1.0,           0.0,      0.0,        Powheg(v2_r3080)+Pythia8(v8.212)+EvtGen(v1.2.0),             e5685
361106,   PowhegPythia8EvtGen_AZNLOCTEQ6L1_Zee,                         1901.1,       1.0000E+00, 1.02600047339, 0.0,      0.0,        Powheg(v1_r2856)+Pythia8(v8.186)+EvtGen(v1.2.0)+Photospp,    e3601
361107,   PowhegPythia8EvtGen_AZNLOCTEQ6L1_Zmumu,                       1901.1,       1.0000E+00, 1.02605444217, 0.0,      0.0,        Powheg(v1_r2856)+Pythia8(v8.186)+EvtGen(v1.2.0)+Photospp,    e3601
361108,   PowhegPythia8EvtGen_AZNLOCTEQ6L1_Ztautau,                     1901.1,       1.0000E+00, 1.02605444217, 0.0,      0.0,        Powheg(v1_r2856)+Pythia8(v8.186)+EvtGen(v1.2.0)+Photospp,    e3601
363355,   Sherpa_221_NNPDF30NNLO_ZqqZvv,                                15.561,       2.8003E-01, 1.0,           0.0,      0.0,        Sherpa(v2.2.1),                                              e5525
363356,   Sherpa_221_NNPDF30NNLO_ZqqZll,                                15.564,       1.4158E-01, 1.0,           0.0,      0.0,        Sherpa(v2.2.1),                                              e5525
363357,   Sherpa_221_NNPDF30NNLO_WqqZvv,                                6.7975,       1.0000E+00, 1.0,           0.0,      0.0,        Sherpa(v2.2.1),                                              e5525
363358,   Sherpa_221_NNPDF30NNLO_WqqZll,                                3.4328,       1.0000E+00, 1.0,           0.0,      0.0,        Sherpa(v2.2.1),                                              e5525
363359,   Sherpa_221_NNPDF30NNLO_WpqqWmlv,                              24.708,       1.0000E+00, 1.0,           0.0,      0.0,        Sherpa(v2.2.1),                                              e5583
363360,   Sherpa_221_NNPDF30NNLO_WplvWmqq,                              24.724,       1.0000E+00, 1.0,           0.0,      0.0,        Sherpa(v2.2.1),                                              e5983
363489,   Sherpa_221_NNPDF30NNLO_WlvZqq,                                11.42,        1.0000E+00, 1.0,           0.0,      0.0,        Sherpa(v2.2.1),                                              e5525
364156,   Sherpa_221_NNPDF30NNLO_Wmunu_MAXHTPTV0_70_CVetoBVeto,         19151.0,      8.2465E-01, 0.9702,        0.05,     0.05,       Sherpa(v2.2.1),                                              e5340
364157,   Sherpa_221_NNPDF30NNLO_Wmunu_MAXHTPTV0_70_CFilterBVeto,       19145.0,      1.3031E-01, 0.9702,        0.05,     0.05,       Sherpa(v2.2.1),                                              e5340
364158,   Sherpa_221_NNPDF30NNLO_Wmunu_MAXHTPTV0_70_BFilter,            19143.0,      4.4209E-02, 0.9702,        0.05,     0.05,       Sherpa(v2.2.1),                                              e5340
364159,   Sherpa_221_NNPDF30NNLO_Wmunu_MAXHTPTV70_140_CVetoBVeto,       945.89,       6.7430E-01, 0.9702,        0.05,     0.05,       Sherpa(v2.2.1),                                              e5340
364160,   Sherpa_221_NNPDF30NNLO_Wmunu_MAXHTPTV70_140_CFilterBVeto,     946.12,       2.4357E-01, 0.9702,        0.05,     0.05,       Sherpa(v2.2.1),                                              e5340
364161,   Sherpa_221_NNPDF30NNLO_Wmunu_MAXHTPTV70_140_BFilter,          944.8,        8.4525E-02, 0.9702,        0.05,     0.05,       Sherpa(v2.2.1),                                              e5340
364162,   Sherpa_221_NNPDF30NNLO_Wmunu_MAXHTPTV140_280_CVetoBVeto,      339.73,       6.0009E-01, 0.9702,        0.05,     0.05,       Sherpa(v2.2.1),                                              e5340
364163,   Sherpa_221_NNPDF30NNLO_Wmunu_MAXHTPTV140_280_CFilterBVeto,    339.8,        2.9256E-01, 0.9702,        0.05,     0.05,       Sherpa(v2.2.1),                                              e5340
364164,   Sherpa_221_NNPDF30NNLO_Wmunu_MAXHTPTV140_280_BFilter,         339.68,       1.0844E-01, 0.9702,        0.05,     0.05,       Sherpa(v2.2.1),                                              e5340
364165,   Sherpa_221_NNPDF30NNLO_Wmunu_MAXHTPTV280_500_CVetoBVeto,      72.084,       5.4766E-01, 0.9702,        0.05,     0.05,       Sherpa(v2.2.1),                                              e5340
364166,   Sherpa_221_NNPDF30NNLO_Wmunu_MAXHTPTV280_500_CFilterBVeto,    72.103,       3.2016E-01, 0.9702,        0.05,     0.05,       Sherpa(v2.2.1),                                              e5340
364167,   Sherpa_221_NNPDF30NNLO_Wmunu_MAXHTPTV280_500_BFilter,         72.063,       1.3137E-01, 0.9702,        0.05,     0.05,       Sherpa(v2.2.1),                                              e5340
364168,   Sherpa_221_NNPDF30NNLO_Wmunu_MAXHTPTV500_1000,                15.008,       1.0000E+00, 0.9702,        0.05,     0.05,       Sherpa(v2.2.1),                                              e5340
364169,   Sherpa_221_NNPDF30NNLO_Wmunu_MAXHTPTV1000_E_CMS,              1.2349,       1.0000E+00, 0.9702,        0.05,     0.05,       Sherpa(v2.2.1),                                              e5340
364170,   Sherpa_221_NNPDF30NNLO_Wenu_MAXHTPTV0_70_CVetoBVeto,          19153.0,      8.2467E-01, 0.9702,        0.05,     0.05,       Sherpa(v2.2.1),                                              e5340
364171,   Sherpa_221_NNPDF30NNLO_Wenu_MAXHTPTV0_70_CFilterBVeto,        19145.0,      1.3038E-01, 0.9702,        0.05,     0.05,       Sherpa(v2.2.1),                                              e5340
364172,   Sherpa_221_NNPDF30NNLO_Wenu_MAXHTPTV0_70_BFilter,             19143.0,      4.4154E-02, 0.9702,        0.05,     0.05,       Sherpa(v2.2.1),                                              e5340
364173,   Sherpa_221_NNPDF30NNLO_Wenu_MAXHTPTV70_140_CVetoBVeto,        944.98,       6.7483E-01, 0.9702,        0.05,     0.05,       Sherpa(v2.2.1),                                              e5340
364174,   Sherpa_221_NNPDF30NNLO_Wenu_MAXHTPTV70_140_CFilterBVeto,      946.37,       2.4414E-01, 0.9702,        0.05,     0.05,       Sherpa(v2.2.1),                                              e5340
364175,   Sherpa_221_NNPDF30NNLO_Wenu_MAXHTPTV70_140_BFilter,           945.63,       8.3353E-02, 0.9702,        0.05,     0.05,       Sherpa(v2.2.1),                                              e5340
364176,   Sherpa_221_NNPDF30NNLO_Wenu_MAXHTPTV140_280_CVetoBVeto,       339.75,       5.9858E-01, 0.9702,        0.05,     0.05,       Sherpa(v2.2.1),                                              e5340
364177,   Sherpa_221_NNPDF30NNLO_Wenu_MAXHTPTV140_280_CFilterBVeto,     339.8,        2.8805E-01, 0.9702,        0.05,     0.05,       Sherpa(v2.2.1),                                              e5340
364178,   Sherpa_221_NNPDF30NNLO_Wenu_MAXHTPTV140_280_BFilter,          339.7,        1.1088E-01, 0.9702,        0.05,     0.05,       Sherpa(v2.2.1),                                              e5340
364179,   Sherpa_221_NNPDF30NNLO_Wenu_MAXHTPTV280_500_CVetoBVeto,       72.077,       5.4829E-01, 0.9702,        0.05,     0.05,       Sherpa(v2.2.1),                                              e5340
364180,   Sherpa_221_NNPDF30NNLO_Wenu_MAXHTPTV280_500_CFilterBVeto,     72.105,       3.1969E-01, 0.9702,        0.05,     0.05,       Sherpa(v2.2.1),                                              e5340
364181,   Sherpa_221_NNPDF30NNLO_Wenu_MAXHTPTV280_500_BFilter,          72.077,       1.3865E-01, 0.9702,        0.05,     0.05,       Sherpa(v2.2.1),                                              e5340
364182,   Sherpa_221_NNPDF30NNLO_Wenu_MAXHTPTV500_1000,                 15.05,        1.0000E+00, 0.9702,        0.05,     0.05,       Sherpa(v2.2.1),                                              e5340
364183,   Sherpa_221_NNPDF30NNLO_Wenu_MAXHTPTV1000_E_CMS,               1.2344,       1.0000E+00, 0.9702,        0.05,     0.05,       Sherpa(v2.2.1),                                              e5340
364184,   Sherpa_221_NNPDF30NNLO_Wtaunu_MAXHTPTV0_70_CVetoBVeto,        19155.0,      8.2462E-01, 0.9702,        0.05,     0.05,       Sherpa(v2.2.1),                                              e5340
364185,   Sherpa_221_NNPDF30NNLO_Wtaunu_MAXHTPTV0_70_CFilterBVeto,      19154.0,      1.2951E-01, 0.9702,        0.05,     0.05,       Sherpa(v2.2.1),                                              e5340
364186,   Sherpa_221_NNPDF30NNLO_Wtaunu_MAXHTPTV0_70_BFilter,           19152.0,      4.5128E-02, 0.9702,        0.05,     0.05,       Sherpa(v2.2.1),                                              e5340
364187,   Sherpa_221_NNPDF30NNLO_Wtaunu_MAXHTPTV70_140_CVetoBVeto,      945.58,       6.7560E-01, 0.9702,        0.05,     0.05,       Sherpa(v2.2.1),                                              e5340
364188,   Sherpa_221_NNPDF30NNLO_Wtaunu_MAXHTPTV70_140_CFilterBVeto,    946.49,       2.4245E-01, 0.9702,        0.05,     0.05,       Sherpa(v2.2.1),                                              e5340
364189,   Sherpa_221_NNPDF30NNLO_Wtaunu_MAXHTPTV70_140_BFilter,         945.87,       8.3903E-02, 0.9702,        0.05,     0.05,       Sherpa(v2.2.1),                                              e5340
364190,   Sherpa_221_NNPDF30NNLO_Wtaunu_MAXHTPTV140_280_CVetoBVeto,     339.69,       5.9884E-01, 0.9702,        0.05,     0.05,       Sherpa(v2.2.1),                                              e5340
364191,   Sherpa_221_NNPDF30NNLO_Wtaunu_MAXHTPTV140_280_CFilterBVeto,   339.84,       2.9032E-01, 0.9702,        0.05,     0.05,       Sherpa(v2.2.1),                                              e5340
364192,   Sherpa_221_NNPDF30NNLO_Wtaunu_MAXHTPTV140_280_BFilter,        339.68,       1.0575E-01, 0.9702,        0.05,     0.05,       Sherpa(v2.2.1),                                              e5340
364193,   Sherpa_221_NNPDF30NNLO_Wtaunu_MAXHTPTV280_500_CVetoBVeto,     72.078,       5.6172E-01, 0.9702,        0.05,     0.05,       Sherpa(v2.2.1),                                              e5340
364194,   Sherpa_221_NNPDF30NNLO_Wtaunu_MAXHTPTV280_500_CFilterBVeto,   71.99,        3.1863E-01, 0.9702,        0.05,     0.05,       Sherpa(v2.2.1),                                              e5340
364195,   Sherpa_221_NNPDF30NNLO_Wtaunu_MAXHTPTV280_500_BFilter,        71.944,       1.3597E-01, 0.9702,        0.05,     0.05,       Sherpa(v2.2.1),                                              e5340
364196,   Sherpa_221_NNPDF30NNLO_Wtaunu_MAXHTPTV500_1000,               15.052,       1.0000E+00, 0.9702,        0.05,     0.05,       Sherpa(v2.2.1),                                              e5340
364197,   Sherpa_221_NNPDF30NNLO_Wtaunu_MAXHTPTV1000_E_CMS,             1.2342,       1.0000E+00, 0.9702,        0.05,     0.05,       Sherpa(v2.2.1),                                              e5340
364250,   Sherpa_222_NNPDF30NNLO_llll,                                  1.2523,       1.0000E+00, 1.0,           0.0,      0.0,        Sherpa(v2.2.2),                                              e5894
364253,   Sherpa_222_NNPDF30NNLO_lllv,                                  4.579,        1.0000E+00, 1.0,           0.0,      0.0,        Sherpa(v2.2.2),                                              e5916
364254,   Sherpa_222_NNPDF30NNLO_llvv,                                  12.501,       1.0,        1.0,           0.0,      0.0,        Sherpa(v2.2.2),                                              e5916
364255,   Sherpa_222_NNPDF30NNLO_lvvv,                                  3.2344,       1.0,        1.0,           0.0,      0.0,        Sherpa(v2.2.2),                                              e5916
410464,   aMcAtNloPy8EvtGen_MEN30NLO_A14N23LO_ttbar_noShWe_SingleLep,   711.43,       4.4037E-01, 1.1691,        0.0,      0.0,        MadGraph5_aMC@NLO(v2.3.3.p1)+Pythia8(v8.230)+EvtGen(v1.6.0), e6762
410465,   aMcAtNloPy8EvtGen_MEN30NLO_A14N23LO_ttbar_noShWe_dil,         712.02,       1.0717E-01, 1.1681,        0.0,      0.0,        MadGraph5_aMC@NLO(v2.3.3.p1)+Pythia8(v8.230)+EvtGen(v1.6.0), e6762
410466,   aMcAtNloPy8EvtGen_MEN30NLO_A14N23LO_ttbar_noShWe_AllHadronic, 711.38,       4.5261E-01, 1.1692,        0.0,      0.0,        NULL,                                                        e6762
410470,   PhPy8EG_A14_ttbar_hdamp258p75_nonallhad,                      729.77,       5.4380E-01, 1.13975636159, 0.0,      0.0,        Powheg+Pythia8(v8.230)+EvtGen(v1.6.0),                       e6337
410471,   PhPy8EG_A14_ttbar_hdamp258p75_allhad,                         729.77,       4.5623E-01, 1.13974074379, 0.0,      0.0,        Powheg+Pythia8(v8.230)+EvtGen(v1.6.0),                       e6337
410472,   PhPy8EG_A14_ttbar_hdamp258p75_dil,                            729.77,       1.0537E-01, 1.13975636159, 0.0,      0.0,        Powheg+Pythia8(v8.230)+EvtGen(v1.6.0),                       e6348
410480,   PhPy8EG_A14_ttbar_hdamp517p5_SingleLep,                       729.74,       4.3852E-01, 1.0,           0.0,      0.0,        Powheg+Pythia8(v8.230)+EvtGen(v1.6.0),                       e6454
410481,   PhPy8EG_A14_ttbar_hdamp517p5_allhad,                          729.74,       4.5622E-01, 1.0,           0.0,      0.0,        Powheg+Pythia8(v8.230)+EvtGen(v1.6.0),                       e6520
410482,   PhPy8EG_A14_ttbar_hdamp517p5_dil,                             729.74,       1.0546E-01, 1.0,           0.0,      0.0,        Powheg+Pythia8(v8.230)+EvtGen(v1.6.0),                       e6454
410557,   PowhegHerwig7EvtGen_H7UE_tt_hdamp258p75_704_SingleLep,        730.14,       4.3853E-01, 1.0,           0.0,      0.0,        Powheg+Herwig7(v7.0.4)+EvtGen(v1.6.0),                       e6366
410558,   PowhegHerwig7EvtGen_H7UE_tt_hdamp258p75_704_dil,              730.15,       1.0537E-01, 1.0,           0.0,      0.0,        Powheg+Herwig7(v7.0.4)+EvtGen(v1.6.0),                       e6366
410559,   PowhegHerwig7EvtGen_H7UE_tt_hdamp258p75_allhad,               730.15,       4.5624E-01, 1.1392,        0.0,      0.0,        Powheg+Herwig7+EvtGen,                                       e6567
410644,   PowhegPythia8EvtGen_A14_singletop_schan_lept_top,             2.027,        1.0000E+00, 1.0170,        0.0,      0.0,        Powheg+EvtGen(v1.6.0),                                       e6527
410645,   PowhegPythia8EvtGen_A14_singletop_schan_lept_antitop,         1.2674,       1.0000E+00, 1.0167,        0.0,      0.0,        Powheg+EvtGen(v1.6.0),                                       e6527
410646,   PowhegPythia8EvtGen_A14_Wt_DR_inclusive_top,                  37.935,       1.0000E+00, 0.9450,        0.0,      0.0,        Powheg+EvtGen(v1.6.0),                                       e6552
410647,   PowhegPythia8EvtGen_A14_Wt_DR_inclusive_antitop,              37.905,       1.0000E+00, 0.9457,        0.0,      0.0,        Powheg+EvtGen(v1.6.0),                                       e6552
410658,   PhPy8EG_A14_tchan_BW50_lept_top,                              36.996,       1.0000E+00, 1.1935,        0.0,      0.0,        Powheg+Pythia8.230+EvtGen,                                   e6671
410659,   PhPy8EG_A14_tchan_BW50_lept_antitop,                          22.173,       1.0000E+00, 1.1849,        0.0,      0.0,        Powheg+Pythia8.230+EvtGen,                                   e6671
500299,   MGPy8EG_S1TbLQtau_M200_l0_3,                                  0.30551,      1.0000E+00, 1.0,           0.0,      0.0,        MadGraph(v.2.6.7p3.atlas5)+Pythia8(v.240p3)+EvtGen(v.1.7.0), e8041
500300,   MGPy8EG_S1TbLQtau_M300_l0_3,                                  0.054261,     1.0000E+00, 1.0,           0.0,      0.0,        NULL,                                                        e8041
500301,   MGPy8EG_S1TbLQtau_M500_l0_3,                                  0.0047809,    1.0000E+00, 1.0,           0.0,      0.0,        MadGraph(v.2.6.7p3.atlas5)+Pythia8(v.240p3)+EvtGen(v.1.7.0), e8041
500302,   MGPy8EG_S1TbLQtau_M600_l0_3,                                  0.0018535,    1.0000E+00, 1.0,           0.0,      0.0,        MadGraph(v.2.6.7p3.atlas5)+Pythia8(v.240p3)+EvtGen(v.1.7.0), e8041
500303,   MGPy8EG_S1TbLQtau_M800_l0_3,                                  0.00037499,   1.0000E+00, 1.0,           0.0,      0.0,        MadGraph(v.2.6.7p3.atlas5)+Pythia8(v.240p3)+EvtGen(v.1.7.0), e8041
500304,   MGPy8EG_S1TbLQtau_M1000_l0_3,                                 9.8056e-05,   1.0000E+00, 1.0,           0.0,      0.0,        MadGraph(v.2.6.7p3.atlas5)+Pythia8(v.240p3)+EvtGen(v.1.7.0), e8041
500305,   MGPy8EG_S1TbLQtau_M1500_l0_3,                                 6.4198e-06,   1.0000E+00, 1.0,           0.0,      0.0,        MadGraph(v.2.6.7p3.atlas5)+Pythia8(v.240p3)+EvtGen(v.1.7.0), e8041
800302,   Py8EG_A14NNPDF23LO_DYtautau_120MLL180,                        13.818,       1.0000E+00, 1.0,           0.0,      0.0,        Pythia8(v.244p3)+EvtGen(v.1.7.0),                            e8118
800303,   Py8EG_A14NNPDF23LO_DYtautau_180MLL250,                        2.3388,       1.0000E+00, 1.0,           0.0,      0.0,        Pythia8(v.244p3)+EvtGen(v.1.7.0),                            e8118
800304,   Py8EG_A14NNPDF23LO_DYtautau_250MLL400,                        0.8659,       1.0000E+00, 1.0,           0.0,      0.0,        Pythia8(v.244p3)+EvtGen(v.1.7.0),                            e8118
800305,   Py8EG_A14NNPDF23LO_DYtautau_400MLL600,                        0.15597,      1.0000E+00, 1.0,           0.0,      0.0,        Pythia8(v.244p3)+EvtGen(v.1.7.0),                            e8118
800306,   Py8EG_A14NNPDF23LO_DYtautau_600MLL800,                        0.029587,     1.0000E+00, 1.0,           0.0,      0.0,        Pythia8(v.244p3)+EvtGen(v.1.7.0),                            e8118
800307,   Py8EG_A14NNPDF23LO_DYtautau_800MLL1000,                       0.0083227,    1.0000E+00, 1.0,           0.0,      0.0,        Pythia8(v.244p3)+EvtGen(v.1.7.0),                            e8118
800308,   Py8EG_A14NNPDF23LO_DYtautau_1000MLL1250,                      0.0033045,    1.0000E+00, 1.0,           0.0,      0.0,        Pythia8(v.244p3)+EvtGen(v.1.7.0),                            e8118
800309,   Py8EG_A14NNPDF23LO_DYtautau_1250MLL1500,                      0.0010952,    1.0000E+00, 1.0,           0.0,      0.0,        Pythia8(v.244p3)+EvtGen(v.1.7.0),                            e8118
800310,   Py8EG_A14NNPDF23LO_DYtautau_1500MLL1750,                      0.00041723,   1.0000E+00, 1.0,           0.0,      0.0,        Pythia8(v.244p3)+EvtGen(v.1.7.0),                            e8118
800311,   Py8EG_A14NNPDF23LO_DYtautau_1750MLL2000,                      0.00017641,   1.0000E+00, 1.0,           0.0,      0.0,        Pythia8(v.244p3)+EvtGen(v.1.7.0),                            e8118
800312,   Py8EG_A14NNPDF23LO_DYtautau_2000MLL2250,                      7.9755e-05,   1.0000E+00, 1.0,           0.0,      0.0,        Pythia8(v.244p3)+EvtGen(v.1.7.0),                            e8118
800313,   Py8EG_A14NNPDF23LO_DYtautau_2250MLL2500,                      3.8209e-05,   1.0000E+00, 1.0,           0.0,      0.0,        Pythia8(v.244p3)+EvtGen(v.1.7.0),                            e8118
800314,   Py8EG_A14NNPDF23LO_DYtautau_2500MLL2750,                      1.9075e-05,   1.0000E+00, 1.0,           0.0,      0.0,        Pythia8(v.244p3)+EvtGen(v.1.7.0),                            e8118
800315,   Py8EG_A14NNPDF23LO_DYtautau_2750MLL3000,                      9.8749e-06,   1.0000E+00, 1.0,           0.0,      0.0,        Pythia8(v.244p3)+EvtGen(v.1.7.0),                            e8118
800316,   Py8EG_A14NNPDF23LO_DYtautau_3000MLL3500,                      8.0468e-06,   1.0000E+00, 1.0,           0.0,      0.0,        Pythia8(v.244p3)+EvtGen(v.1.7.0),                            e8118
800317,   Py8EG_A14NNPDF23LO_DYtautau_3500MLL4000,                      2.4165e-06,   1.0000E+00, 1.0,           0.0,      0.0,        Pythia8(v.244p3)+EvtGen(v.1.7.0),                            e8118
800318,   Py8EG_A14NNPDF23LO_DYtautau_4000MLL4500,                      7.5859e-07,   1.0000E+00, 1.0,           0.0,      0.0,        Pythia8(v.244p3)+EvtGen(v.1.7.0),                            e8118
800319,   Py8EG_A14NNPDF23LO_DYtautau_4500MLL5000,                      2.4352e-07,   1.0000E+00, 1.0,           0.0,      0.0,        Pythia8(v.244p3)+EvtGen(v.1.7.0),                            e8118
800320,   Py8EG_A14NNPDF23LO_DYtautau_5000MLL,                          1.1655e-07,   1.0000E+00, 1.0,           0.0,      0.0,        Pythia8(v.244p3)+EvtGen(v.1.7.0),                            e8118
509359,   MGPy8EG_S1TbLQtau_NoFilter_M400_l1_0,                         2.1539e-01,   1.0000E+00, 1.0,           0.0,      0.0,        MadGraph+Pythia8+EvtGen,                                     e8307
509360,   MGPy8EG_S1TbLQtau_NoFilter_M400_l1_5,                         5.8190e-01,   1.0000E+00, 1.0,           0.0,      0.0,        MadGraph+Pythia8+EvtGen,                                     e8307
509361,   MGPy8EG_S1TbLQtau_NoFilter_M400_l1_7,                         8.0683e-01,   1.0000E+00, 1.0,           0.0,      0.0,        MadGraph+Pythia8+EvtGen,                                     e8307
509362,   MGPy8EG_S1TbLQtau_NoFilter_M400_l2_0,                         1.2618e-00,   1.0000E+00, 1.0,           0.0,      0.0,        MadGraph+Pythia8+EvtGen,                                     e8307
509363,   MGPy8EG_S1TbLQtau_NoFilter_M400_l2_5,                         2.3409e-00,   1.0000E+00, 1.0,           0.0,      0.0,        MadGraph+Pythia8+EvtGen,                                     e8307
509364,   MGPy8EG_S1TbLQtau_NoFilter_M700_l1_0,                         1.5676e-02,   1.0000E+00, 1.0,           0.0,      0.0,        MadGraph+Pythia8+EvtGen,                                     e8307
509365,   MGPy8EG_S1TbLQtau_NoFilter_M700_l1_5,                         5.0910e-02,   1.0000E+00, 1.0,           0.0,      0.0,        MadGraph+Pythia8+EvtGen,                                     e8307
509366,   MGPy8EG_S1TbLQtau_NoFilter_M700_l1_7,                         7.5764e-02,   1.0000E+00, 1.0,           0.0,      0.0,        MadGraph+Pythia8+EvtGen,                                     e8307
509367,   MGPy8EG_S1TbLQtau_NoFilter_M700_l2_0,                         1.2935e-01,   1.0000E+00, 1.0,           0.0,      0.0,        MadGraph+Pythia8+EvtGen,                                     e8307
509368,   MGPy8EG_S1TbLQtau_NoFilter_M700_l2_5,                         2.7171e-01,   1.0000E+00, 1.0,           0.0,      0.0,        MadGraph+Pythia8+EvtGen,                                     e8307
508685,   MGPy8EG_S1TbLQtau_NoFilter_M900_l1_0,                         4.6685e-03,   1.0000E+00, 1.0,           0.0,      0.0,        MadGraph+Pythia8+EvtGen,                                     e8307
509369,   MGPy8EG_S1TbLQtau_NoFilter_M900_l1_5,                         1.6998e-02,   1.0000E+00, 1.0,           0.0,      0.0,        MadGraph+Pythia8+EvtGen,                                     e8307
509370,   MGPy8EG_S1TbLQtau_NoFilter_M900_l1_7,                         2.6140e-02,   1.0000E+00, 1.0,           0.0,      0.0,        MadGraph+Pythia8+EvtGen,                                     e8307
508686,   MGPy8EG_S1TbLQtau_NoFilter_M900_l2_0,                         4.6393e-02,   1.0000E+00, 1.0,           0.0,      0.0,        MadGraph+Pythia8+EvtGen,                                     e8307
509371,   MGPy8EG_S1TbLQtau_NoFilter_M900_l2_5,                         1.0269e-01,   1.0000E+00, 1.0,           0.0,      0.0,        MadGraph+Pythia8+EvtGen,                                     e8307
509372,   MGPy8EG_S1TbLQtau_NoFilter_M1100_l1_0,                        1.7941e-03,   1.0000E+00, 1.0,           0.0,      0.0,        MadGraph+Pythia8+EvtGen,                                     e8307
509373,   MGPy8EG_S1TbLQtau_NoFilter_M1100_l1_5,                        7.1872e-03,   1.0000E+00, 1.0,           0.0,      0.0,        MadGraph+Pythia8+EvtGen,                                     e8307
509374,   MGPy8EG_S1TbLQtau_NoFilter_M1100_l1_7,                        1.1322e-02,   1.0000E+00, 1.0,           0.0,      0.0,        MadGraph+Pythia8+EvtGen,                                     e8307
509375,   MGPy8EG_S1TbLQtau_NoFilter_M1100_l2_0,                        2.0653e-02,   1.0000E+00, 1.0,           0.0,      0.0,        MadGraph+Pythia8+EvtGen,                                     e8307
509376,   MGPy8EG_S1TbLQtau_NoFilter_M1100_l2_5,                        4.7226e-02,   1.0000E+00, 1.0,           0.0,      0.0,        MadGraph+Pythia8+EvtGen,                                     e8307
509377,   MGPy8EG_S1TbLQtau_NoFilter_M1300_l1_0,                        8.2709e-04,   1.0000E+00, 1.0,           0.0,      0.0,        MadGraph+Pythia8+EvtGen,                                     e8307
509378,   MGPy8EG_S1TbLQtau_NoFilter_M1300_l1_5,                        3.5648e-03,   1.0000E+00, 1.0,           0.0,      0.0,        MadGraph+Pythia8+EvtGen,                                     e8307
509379,   MGPy8EG_S1TbLQtau_NoFilter_M1300_l1_7,                        5.7106e-03,   1.0000E+00, 1.0,           0.0,      0.0,        MadGraph+Pythia8+EvtGen,                                     e8307
509380,   MGPy8EG_S1TbLQtau_NoFilter_M1300_l2_0,                        1.0604e-02,   1.0000E+00, 1.0,           0.0,      0.0,        MadGraph+Pythia8+EvtGen,                                     e8307
509381,   MGPy8EG_S1TbLQtau_NoFilter_M1300_l2_5,                        2.4755e-02,   1.0000E+00, 1.0,           0.0,      0.0,        MadGraph+Pythia8+EvtGen,                                     e8307
508989,   MGPy8EG_S1TbLQtau_NoFilter_M1600_l1_0,                        3.2800e-04,   1.0000E+00, 1.0,           0.0,      0.0,        MadGraph+Pythia8+EvtGen,                                     e8307
509382,   MGPy8EG_S1TbLQtau_NoFilter_M1600_l1_5,                        1.5209e-03,   1.0000E+00, 1.0,           0.0,      0.0,        MadGraph+Pythia8+EvtGen,                                     e8307
509383,   MGPy8EG_S1TbLQtau_NoFilter_M1600_l1_7,                        2.4736e-03,   1.0000E+00, 1.0,           0.0,      0.0,        MadGraph+Pythia8+EvtGen,                                     e8307
508990,   MGPy8EG_S1TbLQtau_NoFilter_M1600_l2_0,                        4.6666E-03,   1.0000E+00, 1.0,           0.0,      0.0,        MadGraph+Pythia8+EvtGen,                                     e8307
509384,   MGPy8EG_S1TbLQtau_NoFilter_M1600_l2_5,                        1.1097e-02,   1.0000E+00, 1.0,           0.0,      0.0,        MadGraph+Pythia8+EvtGen,                                     e8307
509385,   MGPy8EG_S1TbLQtau_NoFilter_M1900_l1_0,                        1.5768e-04,   1.0000E+00, 1.0,           0.0,      0.0,        MadGraph+Pythia8+EvtGen,                                     e8307
509386,   MGPy8EG_S1TbLQtau_NoFilter_M1900_l1_5,                        7.6201e-04,   1.0000E+00, 1.0,           0.0,      0.0,        MadGraph+Pythia8+EvtGen,                                     e8307
509387,   MGPy8EG_S1TbLQtau_NoFilter_M1900_l1_7,                        1.2492e-03,   1.0000E+00, 1.0,           0.0,      0.0,        MadGraph+Pythia8+EvtGen,                                     e8307
509388,   MGPy8EG_S1TbLQtau_NoFilter_M1900_l2_0,                        2.3771e-03,   1.0000E+00, 1.0,           0.0,      0.0,        MadGraph+Pythia8+EvtGen,                                     e8307
509389,   MGPy8EG_S1TbLQtau_NoFilter_M1900_l2_5,                        5.7067e-03,   1.0000E+00, 1.0,           0.0,      0.0,        MadGraph+Pythia8+EvtGen,                                     e8307
509390,   MGPy8EG_S1TbLQtau_NoFilter_M2200_l1_0,                        8.6128e-05,   1.0000E+00, 1.0,           0.0,      0.0,        MadGraph+Pythia8+EvtGen,                                     e8307
509391,   MGPy8EG_S1TbLQtau_NoFilter_M2200_l1_5,                        4.2551e-04,   1.0000E+00, 1.0,           0.0,      0.0,        MadGraph+Pythia8+EvtGen,                                     e8307
509392,   MGPy8EG_S1TbLQtau_NoFilter_M2200_l1_7,                        7.0068e-04,   1.0000E+00, 1.0,           0.0,      0.0,        MadGraph+Pythia8+EvtGen,                                     e8307
509393,   MGPy8EG_S1TbLQtau_NoFilter_M2200_l2_0,                        1.3397e-03,   1.0000E+00, 1.0,           0.0,      0.0,        MadGraph+Pythia8+EvtGen,                                     e8307
509394,   MGPy8EG_S1TbLQtau_NoFilter_M2200_l2_5,                        3.2321e-03,   1.0000E+00, 1.0,           0.0,      0.0,        MadGraph+Pythia8+EvtGen,                                     e8307
508687,   MGPy8EG_S1TbLQtau_NoFilter_M2500_l1_0,                        5.1394e-05,   1.0000E+00, 1.0,           0.0,      0.0,        MadGraph+Pythia8+EvtGen,                                     e8307
509395,   MGPy8EG_S1TbLQtau_NoFilter_M2500_l1_5,                        2.5702e-04,   1.0000E+00, 1.0,           0.0,      0.0,        MadGraph+Pythia8+EvtGen,                                     e8307
509396,   MGPy8EG_S1TbLQtau_NoFilter_M2500_l1_7,                        4.2391e-04,   1.0000E+00, 1.0,           0.0,      0.0,        MadGraph+Pythia8+EvtGen,                                     e8307
508688,   MGPy8EG_S1TbLQtau_NoFilter_M2500_l2_0,                        8.1247e-04,   1.0000E+00, 1.0,           0.0,      0.0,        MadGraph+Pythia8+EvtGen,                                     e8307
509397,   MGPy8EG_S1TbLQtau_NoFilter_M2500_l2_5,                        1.9655e-03,   1.0000E+00, 1.0,           0.0,      0.0,        MadGraph+Pythia8+EvtGen,                                     e8307
