SampleID , xsection , kfactor , filtereff , uncertainty , mh , generator , process , simulation

# SM ggf
341079, 0.0011020, 1.0, 4.9150E-01, --, 125,  Powheg+Pythia8+EvtGen, PowhegPythia8EvtGen_CT10_AZNLOCTEQ6L1_ggH125_WWlvlv_EF_15_5,  OFLCOND-RUN12-SDR-30
## Not Added to the whitelist yet - issue with weights
345324, 0.0011020, 1.0, 4.9318E-01, --, 125,  Powheg+Pythia8+EvtGen, PowhegPythia8EvtGen_NNLOPS_NN30_ggH125_WWlvlv_EF_15_5,  OFLCOND-RUN12-SDR-30
345339, 0.0011020, 1.0, 2.1808E-01, --, 125,  MadGraph+Pythia8+EvtGen, MadGraphPythia8EvtGen_A14NNPDF23LO_ggfhwwlnulnuNp2,  OFLCOND-RUN12-SDR-30

## ggf + 2 jets CP SM even, CP mixed, CP odd
343475, 0.000318, 1.0, 0.7, --, 125,  MGaMcAtNlo+Pythia8+EvtGen, MGaMcAtNloPy8EG_A14_NNPDF23_ggFhwwlvlv_CP_EVEN_emu,  OFLCOND-RUN12-SDR-30
343987, 0.000318, 1.0, 0.7, --, 125,  MGaMcAtNlo+Pythia8+EvtGen, MGaMcAtNloPy8EG_A14_NNPDF23_ggFhwwlvlv_CP_EVEN_mue,  OFLCOND-RUN12-SDR-30
343476, 0.000318, 1.0, 0.7, --, 125,  MGaMcAtNlo+Pythia8+EvtGen, MGaMcAtNloPy8EG_A14_NNPDF23_ggFhwwlvlv_CP_MIX_emu,  OFLCOND-RUN12-SDR-30
343988, 0.000318, 1.0, 0.7, --, 125,  MGaMcAtNlo+Pythia8+EvtGen, MGaMcAtNloPy8EG_A14_NNPDF23_ggFhwwlvlv_CP_MIX_mue,  OFLCOND-RUN12-SDR-30
343477, 0.000318, 1.0, 0.7, --, 125,  MGaMcAtNlo+Pythia8+EvtGen, MGaMcAtNloPy8EG_A14_NNPDF23_ggFhwwlvlv_CP_ODD_emu,  OFLCOND-RUN12-SDR-30
343989, 0.000318, 1.0, 0.7, --, 125,  MGaMcAtNlo+Pythia8+EvtGen, MGaMcAtNloPy8EG_A14_NNPDF23_ggFhwwlvlv_CP_ODD_mue,  OFLCOND-RUN12-SDR-30

## ggf + 2 jets CP SM even, CP mixed, CP odd stat. extension

345465, 0.000335, 1.0, 0.226101, --, 125,  MGaMcAtNlo+Pythia8+EvtGen, MGaMcAtNloPy8EG_A14_NNPDF23_ggFhwwlvlv_CP_EVEN, OFLCOND-RUN12-SDR-30
345466, 0.000335, 1.0, 0.226101, --, 125,  MGaMcAtNlo+Pythia8+EvtGen, MGaMcAtNloPy8EG_A14_NNPDF23_ggFhwwlvlv_CP_ODD,  OFLCOND-RUN12-SDR-30
345467, 0.000335, 1.0, 0.226101, --, 125,  MGaMcAtNlo+Pythia8+EvtGen, MGaMcAtNloPy8EG_A14_NNPDF23_ggFhwwlvlv_CP_MIX,  OFLCOND-RUN12-SDR-30

### ggF inclusive CP mixed
344299, 0.0011020, 1.0, 42.0, --, 125, MadGraph+Pythia8+EvtGen, MadGraphPythia8EvtGen_A14NNPDF23_ggFHWWtoemuCPmixed,  OFLCOND-RUN12-SDR-30
344300, 0.0011020, 1.0, 42.0, --, 125, MadGraph+Pythia8+EvtGen, MadGraphPythia8EvtGen_A14NNPDF23_ggFHWWtoemutauCPmixed,  OFLCOND-RUN12-SDR-30

# SM ggf MjjFilter
343393, 0.0011020, 1.00, 9.374E-03, --, 125,  Powheg+Pythia8+EvtGen, PowhegPy8EG_CT10_AZNLOCTEQ6L1_ggH125_WWlvlv_EF_15_5_highMjj,  OFLCOND-RUN12-SDR-31

# SM VBF
341080, 0.00008579, 1.0, 5.1025E-01, --, 125,  Powheg+Pythia8+EvtGen, PowhegPythia8EvtGen_CT10_AZNLOCTEQ6L1_VBFH125_WWlvlv_EF_15_5, OFLCOND-RUN12-SDR-30
345323, 0.00008579, 1.0, 5.0998E-01, --, 125,  Powheg+Pythia8+EvtGen, PowhegPythia8EvtGen_CT10_AZNLOCTEQ6L1_VBFH125_WWlvlv_EF_15_5, OFLCOND-RUN12-SDR-30

# SM H->tautau
341122, 0.002764, 1.0, 1.2277E-01, --, 125,  Powheg+Pythia8+EvtGen, PowhegPythia8EvtGen_CT10_AZNLOCTEQ6L1_ggH125_tautaull,     OFLCOND-RUN12-SDR-30
341155, 0.0002359, 1.0, 1.2271E-01, --, 125,  Powheg+Pythia8+EvtGen, PowhegPythia8EvtGen_CT10_AZNLOCTEQ6L1_VBFH125_tautaull,    OFLCOND-RUN12-SDR-30


# EFT VBF+VH
345270, 1.3923E-04, 1.0, 1.0E+00, --, 125,  Powheg+Pythia8+EvtGen, PowhegPythia8EvtGen_CT10_AZNLOCTEQ6L1_VBFH125_WWlvlv_EF_15_5, OFLCOND-RUN12-SDR-30

# EFT VBF
345271, 0.0000806, 1.0, 1.0E+00, --, 125,  Powheg+Pythia8+EvtGen, PowhegPythia8EvtGen_CT10_AZNLOCTEQ6L1_VBFH125_WWlvlv_EF_15_5, OFLCOND-RUN12-SDR-30

# EFT VBF+VH dilepton
345272, 1.3923E-04, 1.0, 7.058657E-01, --, 125,  Powheg+Pythia8+EvtGen, PowhegPythia8EvtGen_CT10_AZNLOCTEQ6L1_VBFH125_WWlvlv_EF_15_5, OFLCOND-RUN12-SDR-30


# SM Hmumu ggf
341190, 4.4363E-02, 1.0, 1.0,        --, 125,  Powheg+Pythia8+EvtGen, PowhegPythia8EvtGen_CT10_AZNLOCTEQ6L1_ggH100_mumu, OFLCOND-RUN12-SDR-30
341191, 4.0772E-02, 1.0, 1.0,        --, 125,  Powheg+Pythia8+EvtGen, PowhegPythia8EvtGen_CT10_AZNLOCTEQ6L1_ggH105_mumu, OFLCOND-RUN12-SDR-30
341192, 3.7640E-02, 1.0, 1.0,        --, 125,  Powheg+Pythia8+EvtGen, PowhegPythia8EvtGen_CT10_AZNLOCTEQ6L1_ggH110_mumu, OFLCOND-RUN12-SDR-30
341193, 7.8420E+07, 1.0, 1.0,        --, 125,  Powheg+Pythia8+EvtGen, PowhegPythia8EvtGen_CT10_AZNLOCTEQ6L1_ggH115_mumu, OFLCOND-RUN12-SDR-30
341194, 3.2393E-02, 1.0, 1.0,        --, 125,  Powheg+Pythia8+EvtGen, PowhegPythia8EvtGen_CT10_AZNLOCTEQ6L1_ggH120_mumu, OFLCOND-RUN12-SDR-30
341195, 3.0193E-02, 1.0, 1.0,        --, 125,  Powheg+Pythia8+EvtGen, PowhegPythia8EvtGen_CT10_AZNLOCTEQ6L1_ggH125_mumu, OFLCOND-RUN12-SDR-30
341196, 2.8218E-02, 1.0, 1.0,        --, 125,  Powheg+Pythia8+EvtGen, PowhegPythia8EvtGen_CT10_AZNLOCTEQ6L1_ggH130_mumu, OFLCOND-RUN12-SDR-30
341197, 2.6445E-02, 1.0, 1.0,        --, 125,  Powheg+Pythia8+EvtGen, PowhegPythia8EvtGen_CT10_AZNLOCTEQ6L1_ggH135_mumu, OFLCOND-RUN12-SDR-30
341198, 2.4821E-02, 1.0, 1.0,        --, 125,  Powheg+Pythia8+EvtGen, PowhegPythia8EvtGen_CT10_AZNLOCTEQ6L1_ggH140_mumu, OFLCOND-RUN12-SDR-30
341199, 2.3362E-02, 1.0, 1.0,        --, 125,  Powheg+Pythia8+EvtGen, PowhegPythia8EvtGen_CT10_AZNLOCTEQ6L1_ggH145_mumu, OFLCOND-RUN12-SDR-30

# SM Hmumu VBF
341201, 4.7053E-03, 1.0, 1.0,        --, 125,  Powheg+Pythia8+EvtGen, PowhegPythia8EvtGen_CT10_AZNLOCTEQ6L1_VBFH100_mumu, OFLCOND-RUN12-SDR-30
341202, 4.5114E-03, 1.0, 1.0,        --, 125,  Powheg+Pythia8+EvtGen, PowhegPythia8EvtGen_CT10_AZNLOCTEQ6L1_VBFH105_mumu, OFLCOND-RUN12-SDR-30
341203, 4.3271E-03, 1.0, 1.0,        --, 125,  Powheg+Pythia8+EvtGen, PowhegPythia8EvtGen_CT10_AZNLOCTEQ6L1_VBFH110_mumu, OFLCOND-RUN12-SDR-30
341204, 4.1518E-03, 1.0, 1.0,        --, 125,  Powheg+Pythia8+EvtGen, PowhegPythia8EvtGen_CT10_AZNLOCTEQ6L1_VBFH115_mumu, OFLCOND-RUN12-SDR-30
341205, 3.9868E-03, 1.0, 1.0,        --, 125,  Powheg+Pythia8+EvtGen, PowhegPythia8EvtGen_CT10_AZNLOCTEQ6L1_VBFH120_mumu, OFLCOND-RUN12-SDR-30
341206, 3.8927E-03, 1.0, 1.0,        --, 125,  Powheg+Pythia8+EvtGen, PowhegPythia8EvtGen_CT10_AZNLOCTEQ6L1_VBFH125_mumu, OFLCOND-RUN12-SDR-30
341207, 3.6872E-03, 1.0, 1.0,        --, 125,  Powheg+Pythia8+EvtGen, PowhegPythia8EvtGen_CT10_AZNLOCTEQ6L1_VBFH130_mumu, OFLCOND-RUN12-SDR-30
341208, 3.5407E-03, 1.0, 1.0,        --, 125,  Powheg+Pythia8+EvtGen, PowhegPythia8EvtGen_CT10_AZNLOCTEQ6L1_VBFH135_mumu, OFLCOND-RUN12-SDR-30
341209, 3.4059E-03, 1.0, 1.0,        --, 125,  Powheg+Pythia8+EvtGen, PowhegPythia8EvtGen_CT10_AZNLOCTEQ6L1_VBFH140_mumu, OFLCOND-RUN12-SDR-30
341210, 7.8420E+07, 1.0, 1.0,        --, 125,  Powheg+Pythia8+EvtGen, PowhegPythia8EvtGen_CT10_AZNLOCTEQ6L1_VBFH145_mumu, OFLCOND-RUN12-SDR-30
341211, 3.1597E-03, 1.0, 1.0,        --, 125,  Powheg+Pythia8+EvtGen, PowhegPythia8EvtGen_CT10_AZNLOCTEQ6L1_VBFH150_mumu, OFLCOND-RUN12-SDR-30

# SM WH
341421, 1.342E-06, 1.0, 1.0,        --, 125,  Powheg+Pythia8+EvtGen, PowhegPythia8EvtGen_CT10_AZNLO_WmH125J_MINLO_eveWWlvlv, OFLCOND-RUN12-SDR-30(Deprecated)
343275, 1.342E-06, 1.0, 1.0,        --, 125,  Powheg+Pythia8+EvtGen, PowhegPythia8EvtGen_CT10_AZNLO_WmH125J_MINLO_eveWWlvlv
341422, 5.601E-06, 1.0, 4.3721E-01, --, 125,  Powheg+Pythia8+EvtGen, PowhegPythia8EvtGen_CT10_AZNLO_WmH125J_MINLO_eveWWlvqq, OFLCOND-RUN12-SDR-30
341423, 1.342E-06, 1.0, 1.0,        --, 125,  Powheg+Pythia8+EvtGen, PowhegPythia8EvtGen_CT10_AZNLO_WmH125J_MINLO_muvmuWWlvlv, OFLCOND-RUN12-SDR-30(Deprecated)
343276, 1.342E-06, 1.0, 1.0,        --, 125,  Powheg+Pythia8+EvtGen, PowhegPythia8EvtGen_CT10_AZNLO_WmH125J_MINLO_muvmuWWlvlv
341424, 5.601E-06, 1.0, 4.3691E-01, --, 125,  Powheg+Pythia8+EvtGen, PowhegPythia8EvtGen_CT10_AZNLO_WmH125J_MINLO_muvmuWWlvqq, OFLCOND-RUN12-SDR-30
341425, 8.080E-06, 1.0, 1.0,        --, 125,  Powheg+Pythia8+EvtGen, PowhegPythia8EvtGen_CT10_AZNLO_WmH125J_MINLO_qqWWlvlv, OFLCOND-RUN12-SDR-30
341426, 3.372E-05, 1.0, 4.3638E-01, --, 125,  Powheg+Pythia8+EvtGen, PowhegPythia8EvtGen_CT10_AZNLO_WmH125J_MINLO_qqWWlvqq, OFLCOND-RUN12-SDR-30
341427, 1.342E-06, 1.0, 1.0,        --, 125,  Powheg+Pythia8+EvtGen, PowhegPythia8EvtGen_CT10_AZNLO_WmH125J_MINLO_tauvtauWWlvlv, OFLCOND-RUN12-SDR-30
341428, 5.601E-06, 1.0, 4.3970E-01, --, 125,  Powheg+Pythia8+EvtGen, PowhegPythia8EvtGen_CT10_AZNLO_WmH125J_MINLO_tauvtauWWlvqq, OFLCOND-RUN12-SDR-30
341429, 2.115E-06, 1.0, 1.0,        --, 125,  Powheg+Pythia8+EvtGen, PowhegPythia8EvtGen_CT10_AZNLO_WpH125J_MINLO_eveWWlvlv, OFLCOND-RUN12-SDR-30(Deprecated)
343277, 2.115E-06, 1.0, 1.0,        --, 125,  Powheg+Pythia8+EvtGen, PowhegPythia8EvtGen_CT10_AZNLO_WpH125J_MINLO_eveWWlvlv
341430, 8.824E-06, 1.0, 4.3565E-01, --, 125,  Powheg+Pythia8+EvtGen, PowhegPythia8EvtGen_CT10_AZNLO_WpH125J_MINLO_eveWWlvqq, OFLCOND-RUN12-SDR-30
341431, 2.115E-06, 1.0, 1.0,        --, 125,  Powheg+Pythia8+EvtGen, PowhegPythia8EvtGen_CT10_AZNLO_WpH125J_MINLO_muvmuWWlvlv, OFLCOND-RUN12-SDR-30(Deprecated)
343278, 2.115E-06, 1.0, 1.0,        --, 125,  Powheg+Pythia8+EvtGen, PowhegPythia8EvtGen_CT10_AZNLO_WpH125J_MINLO_muvmuWWlvlv
341432, 8.824E-06, 1.0, 4.3778E-01, --, 125,  Powheg+Pythia8+EvtGen, PowhegPythia8EvtGen_CT10_AZNLO_WpH125J_MINLO_muvmuWWlvqq, OFLCOND-RUN12-SDR-30
341433, 1.274E-05, 1.0, 1.0,        --, 125,  Powheg+Pythia8+EvtGen, PowhegPythia8EvtGen_CT10_AZNLO_WpH125J_MINLO_qqWWlvlv, OFLCOND-RUN12-SDR-30
341434, 5.316E-05, 1.0, 4.3909E-01, --, 125,  Powheg+Pythia8+EvtGen, PowhegPythia8EvtGen_CT10_AZNLO_WpH125J_MINLO_qqWWlvqq, OFLCOND-RUN12-SDR-30
341435, 2.115E-06, 1.0, 1.0,        --, 125,  Powheg+Pythia8+EvtGen, PowhegPythia8EvtGen_CT10_AZNLO_WpH125J_MINLO_tauvtauWWlvlv, OFLCOND-RUN12-SDR-30
341436, 8.824E-06, 1.0, 4.3823E-01, --, 125,  Powheg+Pythia8+EvtGen, PowhegPythia8EvtGen_CT10_AZNLO_WpH125J_MINLO_tauvtauWWlvqq, OFLCOND-RUN12-SDR-30
345433, 8.080E-06, 1.0, 1.0,        --, 125, PowhegPythia8EvtGen, PowhegPythia8EvtGen_NNPDF3_AZNLO_WmH125J_MINLO_qqWWlvlv, DUMMY
345325, 1.274E-05, 1.0, 1.0,        --, 125, PowhegPythia8EvtGen, PowhegPythia8EvtGen_NNPDF3_AZNLO_WpH125J_MINLO_qqWWlvlv, DUMMY
345326, 4.027E-06, 1.0, 1.0,        --, 125, PowhegPythia8EvtGen, PowhegPythia8EvtGen_NNPDF3_AZNLO_WmH125J_MINLO_lvWWlvlv, DUMMY
345327, 6.344E-06, 1.0, 1.0,        --, 125, PowhegPythia8EvtGen, PowhegPythia8EvtGen_NNPDF3_AZNLO_WpH125J_MINLO_lvWWlvlv, DUMMY

# SM qq->ZH
341449, 5.761E-07, 1.0, 1.0,        --, 125,  PowhegPythia8EvtGen, PowhegPythia8EvtGen_CT10_AZNLO_ZH125J_MINLO_eeWWlvlv_VpT, OFLCOND-RUN12-SDR-30
341450, 2.404E-06, 1.0, 0.43745,    --, 125,  PowhegPythia8EvtGen, PowhegPythia8EvtGen_CT10_AZNLO_ZH125J_MINLO_eeWWlvqq_VpT, OFLCOND-RUN12-SDR-30
341451, 5.761E-07, 1.0, 1.0,        --, 125,  PowhegPythia8EvtGen, PowhegPythia8EvtGen_CT10_AZNLO_ZH125J_MINLO_mumuWWlvlv_VpT, OFLCOND-RUN12-SDR-30
341452, 2.404E-06, 1.0, 0.4353,     --, 125,  PowhegPythia8EvtGen, PowhegPythia8EvtGen_CT10_AZNLO_ZH125J_MINLO_mumuWWlvqq_VpT, OFLCOND-RUN12-SDR-30
341453, 5.761E-07, 1.0, 1.0,        --, 125,  PowhegPythia8EvtGen, PowhegPythia8EvtGen_CT10_AZNLO_ZH125J_MINLO_tautauWWlvlv_VpT, OFLCOND-RUN12-SDR-30
341454, 2.404E-06, 1.0, 0.43681,    --, 125,  PowhegPythia8EvtGen, PowhegPythia8EvtGen_CT10_AZNLO_ZH125J_MINLO_tautauWWlvqq_VpT, OFLCOND-RUN12-SDR-30
341455, 1.144E-06, 1.0, 1.0,        --, 125,  PowhegPythia8EvtGen, PowhegPythia8EvtGen_CT10_AZNLO_ZH125J_MINLO_veveWWlvlv_VpT, OFLCOND-RUN12-SDR-30
341456, 4.775E-06, 1.0, 0.44058,    --, 125,  PowhegPythia8EvtGen, PowhegPythia8EvtGen_CT10_AZNLO_ZH125J_MINLO_veveWWlvqq_VpT, OFLCOND-RUN12-SDR-30
341457, 1.144E-06, 1.0, 1.0,        --, 125,  PowhegPythia8EvtGen, PowhegPythia8EvtGen_CT10_AZNLO_ZH125J_MINLO_vmuvmuWWlvlv_VpT, OFLCOND-RUN12-SDR-30
341458, 4.775E-06, 1.0, 0.43925,    --, 125,  PowhegPythia8EvtGen, PowhegPythia8EvtGen_CT10_AZNLO_ZH125J_MINLO_vmuvmuWWlvqq_VpT, OFLCOND-RUN12-SDR-30
341459, 1.144E-06, 1.0, 1.0,        --, 125,  PowhegPythia8EG, PowhegPy8EG_CT10_AZNLO_ZH125J_MINLO_vtauvtauWWlvlv_VpT, OFLCOND-RUN12-SDR-30
341460, 4.775E-06, 1.0, 0.43441,    --, 125,  PowhegPythia8EG, PowhegPy8EG_CT10_AZNLO_ZH125J_MINLO_vtauvtauWWlvqq_VpT, OFLCOND-RUN12-SDR-30
341461, 1.192E-05, 1.0, 1.0,        --, 125,  PowhegPythia8EvtGen, PowhegPythia8EvtGen_CT10_AZNLO_ZH125J_MINLO_qqWWlvlv_VpT, OFLCOND-RUN12-SDR-30
345336, 1.192E-05, 1.0, 1.0,        --, 125, PowhegPythia8EvtGen, PowhegPythia8EvtGen_NNPDF3_AZNLO_ZH125J_MINLO_qqWWlvlv, DUMMY
345337, 1.728E-06, 1.0, 1.0,        --, 125, PowhegPythia8EvtGen, PowhegPythia8EvtGen_NNPDF3_AZNLO_ZH125J_MINLO_llWWlvlv, DUMMY
345445, 3.433E-06, 1.0, 1.0,        --, 125, PowhegPythia8EvtGen, PowhegPythia8EvtGen_NNPDF3_AZNLO_ZH125J_MINLO_vvWWlvlv, DUMMY

# SM gg->ZH
# FilterEff values for all but 344387 are placeholders (copied from qq->ZH values above)
344376, 9.287E-08, 1.0, 1.0,        --, 125, PowhegPythia8EvtGen, PowhegPythia8EvtGen_CT10_AZNLO_ggZH125_eeWWlvlv, OFLCOND-RUN12-SDR-30
344377, 3.875E-07, 1.0, 0.43745,    --, 125, PowhegPythia8EvtGen, PowhegPythia8EvtGen_CT10_AZNLO_ggZH125_eeWWlvqq, OFLCOND-RUN12-SDR-30
344378, 9.287E-08, 1.0, 1.0,        --, 125, PowhegPythia8EvtGen, PowhegPythia8EvtGen_CT10_AZNLO_ggZH125_mumuWWlvlv, OFLCOND-RUN12-SDR-30
344379, 3.875E-07, 1.0, 0.4353,     --, 125, PowhegPythia8EvtGen, PowhegPythia8EvtGen_CT10_AZNLO_ggZH125_mumuWWlvqq, OFLCOND-RUN12-SDR-30
344380, 9.287E-08, 1.0, 1.0,        --, 125, PowhegPythia8EvtGen, PowhegPythia8EvtGen_CT10_AZNLO_ggZH125_tautauWWlvlv, OFLCOND-RUN12-SDR-30
344381, 3.875E-07, 1.0, 0.43681,    --, 125, PowhegPythia8EvtGen, PowhegPythia8EvtGen_CT10_AZNLO_ggZH125_tautauWWlvqq, OFLCOND-RUN12-SDR-30
344382, 1.837E-07, 1.0, 1.0,        --, 125, PowhegPythia8EvtGen, PowhegPythia8EvtGen_CT10_AZNLO_ggZH125_veveWWlvlv, OFLCOND-RUN12-SDR-30
344383, 7.667E-07, 1.0, 0.44058,    --, 125, PowhegPythia8EvtGen, PowhegPythia8EvtGen_CT10_AZNLO_ggZH125_veveWWlvqq, OFLCOND-RUN12-SDR-30
344384, 1.837E-07, 1.0, 1.0,        --, 125, PowhegPythia8EvtGen, PowhegPythia8EvtGen_CT10_AZNLO_ggZH125_vmuvmuWWlvlv, OFLCOND-RUN12-SDR-30
344385, 7.667E-07, 1.0, 0.43925,    --, 125, PowhegPythia8EvtGen, PowhegPythia8EvtGen_CT10_AZNLO_ggZH125_vmuvmuWWlvqq, OFLCOND-RUN12-SDR-30
344386, 1.837E-07, 1.0, 1.0,        --, 125, PowhegPythia8EvtGen, PowhegPythia8EvtGen_CT10_AZNLO_ggZH125_vtauvtauWWlvlv, OFLCOND-RUN12-SDR-30
344387, 7.667E-07, 1.0, 0.43977,    --, 125, PowhegPythia8EvtGen, PowhegPythia8EvtGen_CT10_AZNLO_ggZH125_vtauvtauWWlvqq, OFLCOND-RUN12-SDR-30
345446, 2.786E-07, 1.0, 1.0,        --, 125, PowhegPythia8EvtGen, PowhegPythia8EvtGen_NNPDF3_AZNLO_ggZH125J_MINLO_llWWlvlv, DUMMY

### SM WH tautau
342684, 3.753E-06, 1.0, 6.0602E-01, --, 125,  PowhegPythia8EvtGen, PowhegPythia8EvtGen_CT10_AZNLO_WmH125J_MINLO_evtautau, OFLCOND-RUN12-SDR-30
342685, 3.753E-06, 1.0, 6.0594E-01, --, 125,  PowhegPythia8EvtGen, PowhegPythia8EvtGen_CT10_AZNLO_WmH125J_MINLO_muvtautau, OFLCOND-RUN12-SDR-30
342686, 3.753E-06, 1.0, 7.9747E-01, --, 125,  PowhegPythia8EvtGen, PowhegPythia8EvtGen_CT10_AZNLO_WmH125J_MINLO_tauvtautau, OFLCOND-RUN12-SDR-30
342688, 5.912E-06, 1.0, 5.5207E-01, --, 125,  PowhegPythia8EvtGen, PowhegPythia8EvtGen_CT10_AZNLO_WpH125J_MINLO_evtautau, OFLCOND-RUN12-SDR-30
342690, 5.912E-06, 1.0, 7.9151E-01, --, 125,  PowhegPythia8EvtGen, PowhegPythia8EvtGen_CT10_AZNLO_WpH125J_MINLO_tauvtautau, OFLCOND-RUN12-SDR-30
343323, 5.821E-05, 1.0, 5.5964E-01, --, 125,  Pythia8EvtGen, Pythia8EvtGen_A14NNPDF23LO_WqqH125_tautauIncl, OFLCOND-RUN12-SDR-30

# NWA ggf
341006, 1.04976E-04, 1.0000E+00, 5.6403E-01, --, 200,  Powheg+Pythia8+EvtGen, PowhegPythia8EvtGen_CT10_AZNLOCTEQ6L1_ggH200NWA_WWlvlv_15_5,  OFLCOND-RUN12-SDR-30
341007, 1.04976E-04, 1.0000E+00, 5.8045E-01, --, 300,  Powheg+Pythia8+EvtGen, PowhegPythia8EvtGen_CT10_AZNLOCTEQ6L1_ggH300NWA_WWlvlv_15_5,  OFLCOND-RUN12-SDR-30
341008, 1.04976E-04, 1.0000E+00, 5.9250E-01, --, 400,  Powheg+Pythia8+EvtGen, PowhegPythia8EvtGen_CT10_AZNLOCTEQ6L1_ggH400NWA_WWlvlv_15_5,  OFLCOND-RUN12-SDR-30
341009, 1.04976E-04, 1.0000E+00, 5.9930E-01, --, 500,  Powheg+Pythia8+EvtGen, PowhegPythia8EvtGen_CT10_AZNLOCTEQ6L1_ggH500NWA_WWlvlv_15_5,  OFLCOND-RUN12-SDR-30
341010, 1.04976E-04, 1.0000E+00, 6.0582E-01, --, 600,  Powheg+Pythia8+EvtGen, PowhegPythia8EvtGen_CT10_AZNLOCTEQ6L1_ggH600NWA_WWlvlv_15_5,  OFLCOND-RUN12-SDR-30
341011, 1.04976E-04, 1.0000E+00, 6.0824E-01, --, 700,  Powheg+Pythia8+EvtGen, PowhegPythia8EvtGen_CT10_AZNLOCTEQ6L1_ggH700NWA_WWlvlv_15_5,  OFLCOND-RUN12-SDR-30
343465, 1.04976E-04, 1.0000E+00, 6.1000E-01, --, 750,  Powheg+Pythia8+EvtGen, PowhegPythia8EvtGen_CT10_AZNLOCTEQ6L1_ggH750NWA_WWlvlv_15_5,  OFLCOND-RUN12-SDR-31
341012, 1.04976E-04, 1.0000E+00, 6.1071E-01, --, 800,  Powheg+Pythia8+EvtGen, PowhegPythia8EvtGen_CT10_AZNLOCTEQ6L1_ggH800NWA_WWlvlv_15_5,  OFLCOND-RUN12-SDR-30
341013, 1.04976E-04, 1.0000E+00, 6.1221E-01, --, 900,  Powheg+Pythia8+EvtGen, PowhegPythia8EvtGen_CT10_AZNLOCTEQ6L1_ggH900NWA_WWlvlv_15_5,  OFLCOND-RUN12-SDR-30
341014, 1.04976E-04, 1.0000E+00, 6.1489E-01, --, 1000, Powheg+Pythia8+EvtGen, PowhegPythia8EvtGen_CT10_AZNLOCTEQ6L1_ggH1000NWA_WWlvlv_15_5, OFLCOND-RUN12-SDR-30
343373, 1.04976E-04, 1.0000E+00, 6.1690E-01, --, 1200, Powheg+Pythia8+EvtGen, PowhegPythia8EvtGen_CT10_AZNLOCTEQ6L1_ggH1200NWA_WWlvlv_15_5, OFLCOND-RUN12-SDR-31
341015, 1.04976E-04, 1.0000E+00, 6.1831E-01, --, 1400, Powheg+Pythia8+EvtGen, PowhegPythia8EvtGen_CT10_AZNLOCTEQ6L1_ggH1400NWA_WWlvlv_15_5, OFLCOND-RUN12-SDR-30
343374, 1.04976E-04, 1.0000E+00, 6.2180E-01, --, 1600, Powheg+Pythia8+EvtGen, PowhegPythia8EvtGen_CT10_AZNLOCTEQ6L1_ggH1600NWA_WWlvlv_15_5, OFLCOND-RUN12-SDR-31
341016, 1.04976E-04, 1.0000E+00, 6.2408E-01, --, 1800, Powheg+Pythia8+EvtGen, PowhegPythia8EvtGen_CT10_AZNLOCTEQ6L1_ggH1800NWA_WWlvlv_15_5, OFLCOND-RUN12-SDR-30
343375, 1.04976E-04, 1.0000E+00, 6.2630E-01, --, 2000, Powheg+Pythia8+EvtGen, PowhegPythia8EvtGen_CT10_AZNLOCTEQ6L1_ggH2000NWA_WWlvlv_15_5, OFLCOND-RUN12-SDR-31
341017, 1.04976E-04, 1.0000E+00, 6.2537E-01, --, 2200, Powheg+Pythia8+EvtGen, PowhegPythia8EvtGen_CT10_AZNLOCTEQ6L1_ggH2200NWA_WWlvlv_15_5, OFLCOND-RUN12-SDR-30
343376, 1.04976E-04, 1.0000E+00, 6.2840E-01, --, 2400, Powheg+Pythia8+EvtGen, PowhegPythia8EvtGen_CT10_AZNLOCTEQ6L1_ggH2400NWA_WWlvlv_15_5, OFLCOND-RUN12-SDR-31
341018, 1.04976E-04, 1.0000E+00, 6.3151E-01, --, 2600, Powheg+Pythia8+EvtGen, PowhegPythia8EvtGen_CT10_AZNLOCTEQ6L1_ggH2600NWA_WWlvlv_15_5, OFLCOND-RUN12-SDR-30
343377, 1.04976E-04, 1.0000E+00, 6.2940E-01, --, 2800, Powheg+Pythia8+EvtGen, PowhegPythia8EvtGen_CT10_AZNLOCTEQ6L1_ggH2800NWA_WWlvlv_15_5, OFLCOND-RUN12-SDR-31
341019, 1.04976E-04, 1.0000E+00, 6.3030E-01, --, 3000, Powheg+Pythia8+EvtGen, PowhegPythia8EvtGen_CT10_AZNLOCTEQ6L1_ggH3000NWA_WWlvlv_15_5, OFLCOND-RUN12-SDR-30

# NWA VBF
341021, 1.04976E-04, 1.0000E+00, 5.7896E-01, --, 200,  Powheg+Pythia8+EvtGen, PowhegPythia8EvtGen_CT10_AZNLOCTEQ6L1_VBF200NWA_WWlvlv_15_5,  OFLCOND-RUN12-SDR-30
341022, 1.04976E-04, 1.0000E+00, 5.8777E-01, --, 300,  Powheg+Pythia8+EvtGen, PowhegPythia8EvtGen_CT10_AZNLOCTEQ6L1_VBF300NWA_WWlvlv_15_5,  OFLCOND-RUN12-SDR-30
341023, 1.04976E-04, 1.0000E+00, 5.9817E-01, --, 400,  Powheg+Pythia8+EvtGen, PowhegPythia8EvtGen_CT10_AZNLOCTEQ6L1_VBF400NWA_WWlvlv_15_5,  OFLCOND-RUN12-SDR-30
341024, 1.04976E-04, 1.0000E+00, 6.0418E-01, --, 500,  Powheg+Pythia8+EvtGen, PowhegPythia8EvtGen_CT10_AZNLOCTEQ6L1_VBF500NWA_WWlvlv_15_5,  OFLCOND-RUN12-SDR-30
341025, 1.04976E-04, 1.0000E+00, 6.0376E-01, --, 600,  Powheg+Pythia8+EvtGen, PowhegPythia8EvtGen_CT10_AZNLOCTEQ6L1_VBF600NWA_WWlvlv_15_5,  OFLCOND-RUN12-SDR-30
341026, 1.04976E-04, 1.0000E+00, 6.0835E-01, --, 700,  Powheg+Pythia8+EvtGen, PowhegPythia8EvtGen_CT10_AZNLOCTEQ6L1_VBF700NWA_WWlvlv_15_5,  OFLCOND-RUN12-SDR-30
343466, 1.04976E-04, 1.0000E+00, 6.0570E-01, --, 750,  Powheg+Pythia8+EvtGen, PowhegPythia8EvtGen_CT10_AZNLOCTEQ6L1_VBF750NWA_WWlvlv_15_5,  OFLCOND-RUN12-SDR-31
341027, 1.04976E-04, 1.0000E+00, 6.1368E-01, --, 800,  Powheg+Pythia8+EvtGen, PowhegPythia8EvtGen_CT10_AZNLOCTEQ6L1_VBF800NWA_WWlvlv_15_5,  OFLCOND-RUN12-SDR-30
341028, 1.04976E-04, 1.0000E+00, 6.1477E-01, --, 900,  Powheg+Pythia8+EvtGen, PowhegPythia8EvtGen_CT10_AZNLOCTEQ6L1_VBF900NWA_WWlvlv_15_5,  OFLCOND-RUN12-SDR-30
341029, 1.04976E-04, 1.0000E+00, 6.1558E-01, --, 1000, Powheg+Pythia8+EvtGen, PowhegPythia8EvtGen_CT10_AZNLOCTEQ6L1_VBF1000NWA_WWlvlv_15_5, OFLCOND-RUN12-SDR-30
343368, 1.04976E-04, 1.0000E+00, 6.1510E-01, --, 1200, Powheg+Pythia8+EvtGen, PowhegPythia8EvtGen_CT10_AZNLOCTEQ6L1_VBF1200NWA_WWlvlv_15_5, OFLCOND-RUN12-SDR-31
341030, 1.04976E-04, 1.0000E+00, 6.1409E-01, --, 1400, Powheg+Pythia8+EvtGen, PowhegPythia8EvtGen_CT10_AZNLOCTEQ6L1_VBF1400NWA_WWlvlv_15_5, OFLCOND-RUN12-SDR-30
343369, 1.04976E-04, 1.0000E+00, 6.1720E-01, --, 1600, Powheg+Pythia8+EvtGen, PowhegPythia8EvtGen_CT10_AZNLOCTEQ6L1_VBF1600NWA_WWlvlv_15_5, OFLCOND-RUN12-SDR-31
341031, 1.04976E-04, 1.0000E+00, 6.1853E-01, --, 1800, Powheg+Pythia8+EvtGen, PowhegPythia8EvtGen_CT10_AZNLOCTEQ6L1_VBF1800NWA_WWlvlv_15_5, OFLCOND-RUN12-SDR-30
343370, 1.04976E-04, 1.0000E+00, 6.1610E-01, --, 2000, Powheg+Pythia8+EvtGen, PowhegPythia8EvtGen_CT10_AZNLOCTEQ6L1_VBF2000NWA_WWlvlv_15_5, OFLCOND-RUN12-SDR-31
341032, 1.04976E-04, 1.0000E+00, 6.1851E-01, --, 2200, Powheg+Pythia8+EvtGen, PowhegPythia8EvtGen_CT10_AZNLOCTEQ6L1_VBF2200NWA_WWlvlv_15_5, OFLCOND-RUN12-SDR-30
343371, 1.04976E-04, 1.0000E+00, 6.1530E-01, --, 2400, Powheg+Pythia8+EvtGen, PowhegPythia8EvtGen_CT10_AZNLOCTEQ6L1_VBF2400NWA_WWlvlv_15_5, OFLCOND-RUN12-SDR-31
341033, 1.04976E-04, 1.0000E+00, 6.1895E-01, --, 2600, Powheg+Pythia8+EvtGen, PowhegPythia8EvtGen_CT10_AZNLOCTEQ6L1_VBF2600NWA_WWlvlv_15_5, OFLCOND-RUN12-SDR-30
343372, 1.04976E-04, 1.0000E+00, 6.1860E-01, --, 2800, Powheg+Pythia8+EvtGen, PowhegPythia8EvtGen_CT10_AZNLOCTEQ6L1_VBF2800NWA_WWlvlv_15_5, OFLCOND-RUN12-SDR-31
341034, 1.04976E-04, 1.0000E+00, 6.2160E-01, --, 3000, Powheg+Pythia8+EvtGen, PowhegPythia8EvtGen_CT10_AZNLOCTEQ6L1_VBF3000NWA_WWlvlv_15_5, OFLCOND-RUN12-SDR-30

# Extended

345115, 1.04976E-04, 1.0, 0.57523, --, 250, Powheg+Pythia8+EvtGen, PowhegPythia8EvtGen_CT10_AZNLOCTEQ6L1_ggH250NWA_WWlvlv_15_5, OFLCOND-RUN12-SDR-30
345116, 1.04976E-04, 1.0, 0.58243, --, 250, Powheg+Pythia8+EvtGen, PowhegPythia8EvtGen_CT10_AZNLOCTEQ6L1_VBF250NWA_WWlvlv_15_5, OFLCOND-RUN12-SDR-30

344761, 1.04976E-04, 1.0, 0.63078, --, 3200, Powheg+Pythia8+EvtGen, PowhegPythia8EvtGen_CT10_AZNLOCTEQ6L1_ggH3200NWA_WWlvlv_15_5, OFLCOND-RUN12-SDR-30
344762, 1.04976E-04, 1.0, 0.63062, --, 3400, Powheg+Pythia8+EvtGen, PowhegPythia8EvtGen_CT10_AZNLOCTEQ6L1_ggH3400NWA_WWlvlv_15_5, OFLCOND-RUN12-SDR-30
344763, 1.04976E-04,  1.0, 0.63434, --, 3600, Powheg+Pythia8+EvtGen, PowhegPythia8EvtGen_CT10_AZNLOCTEQ6L1_ggH3600NWA_WWlvlv_15_5, OFLCOND-RUN12-SDR-30
344764, 1.04976E-04, 1.0, 0.63286, --, 3800, Powheg+Pythia8+EvtGen, PowhegPythia8EvtGen_CT10_AZNLOCTEQ6L1_ggH3800NWA_WWlvlv_15_5, OFLCOND-RUN12-SDR-30
344765, 1.04976E-04, 1.0, 0.63296, --, 4000, Powheg+Pythia8+EvtGen, PowhegPythia8EvtGen_CT10_AZNLOCTEQ6L1_ggH4000NWA_WWlvlv_15_5, OFLCOND-RUN12-SDR-30

344766, 1.04976E-04, 1.0, 0.61828, --, 3200, Powheg+Pythia8+EvtGen, PowhegPythia8EvtGen_CT10_AZNLOCTEQ6L1_VBF3200NWA_WWlvlv_15_5, OFLCOND-RUN12-SDR-30
344767, 1.04976E-04, 1.0, 0.61973, --, 3400, Powheg+Pythia8+EvtGen, PowhegPythia8EvtGen_CT10_AZNLOCTEQ6L1_VBF3400NWA_WWlvlv_15_5, OFLCOND-RUN12-SDR-30
344768, 1.04976E-04, 1.0, 0.61922, --, 3600, Powheg+Pythia8+EvtGen, PowhegPythia8EvtGen_CT10_AZNLOCTEQ6L1_VBF3600NWA_WWlvlv_15_5, OFLCOND-RUN12-SDR-30
344769, 1.04976E-04, 1.0, 0.62203, --, 3800, Powheg+Pythia8+EvtGen, PowhegPythia8EvtGen_CT10_AZNLOCTEQ6L1_VBF3800NWA_WWlvlv_15_5, OFLCOND-RUN12-SDR-30
344770, 1.04976E-04, 1.0, 0.62026, --, 4000, Powheg+Pythia8+EvtGen, PowhegPythia8EvtGen_CT10_AZNLOCTEQ6L1_VBF4000NWA_WWlvlv_15_5, OFLCOND-RUN12-SDR-30

# LWA ggf
343484w15, 1.04976E-04, 1.0000E+00, 1.0000E+00, --, 200, aMcAtNlo+Pythia8+EvtGen, aMcAtNloPythia8EvtGen_A14NNPDF23LO_H15lpluslminus200w15, OFLCOND-RUN12-SDR-31
343485w15, 1.04976E-04, 1.0000E+00, 1.0000E+00, --, 400, aMcAtNlo+Pythia8+EvtGen, aMcAtNloPythia8EvtGen_A14NNPDF23LO_H15lpluslminus400w15, OFLCOND-RUN12-SDR-31
343486w15, 1.04976E-04, 1.0000E+00, 1.0000E+00, --, 600, aMcAtNlo+Pythia8+EvtGen, aMcAtNloPythia8EvtGen_A14NNPDF23LO_H15lpluslminus600w15, OFLCOND-RUN12-SDR-31
343487w15, 1.04976E-04, 1.0000E+00, 1.0000E+00, --, 750, aMcAtNlo+Pythia8+EvtGen, aMcAtNloPythia8EvtGen_A14NNPDF23LO_H15lpluslminus750w15, OFLCOND-RUN12-SDR-31
343488w15, 1.04976E-04, 1.0000E+00, 1.0000E+00, --, 800, aMcAtNlo+Pythia8+EvtGen, aMcAtNloPythia8EvtGen_A14NNPDF23LO_H15lpluslminus800w15, OFLCOND-RUN12-SDR-31
343489w15, 1.04976E-04, 1.0000E+00, 1.0000E+00, --, 1000, aMcAtNlo+Pythia8+EvtGen, aMcAtNloPythia8EvtGen_A14NNPDF23LO_H15lpluslminus1000w15, OFLCOND-RUN12-SDR-31
343490w15, 1.04976E-04, 1.0000E+00, 1.0000E+00, --, 1200, aMcAtNlo+Pythia8+EvtGen, aMcAtNloPythia8EvtGen_A14NNPDF23LO_H15lpluslminus1200w15, OFLCOND-RUN12-SDR-31
343491w15, 1.04976E-04, 1.0000E+00, 1.0000E+00, --, 1400, aMcAtNlo+Pythia8+EvtGen, aMcAtNloPythia8EvtGen_A14NNPDF23LO_H15lpluslminus1400w15, OFLCOND-RUN12-SDR-31
343492w15, 1.04976E-04, 1.0000E+00, 1.0000E+00, --, 1600, aMcAtNlo+Pythia8+EvtGen, aMcAtNloPythia8EvtGen_A14NNPDF23LO_H15lpluslminus1600w15, OFLCOND-RUN12-SDR-31
343493w15, 1.04976E-04, 1.0000E+00, 1.0000E+00, --, 1800, aMcAtNlo+Pythia8+EvtGen, aMcAtNloPythia8EvtGen_A14NNPDF23LO_H15lpluslminus1800w15, OFLCOND-RUN12-SDR-31
343494w15, 1.04976E-04, 1.0000E+00, 1.0000E+00, --, 2000, aMcAtNlo+Pythia8+EvtGen, aMcAtNloPythia8EvtGen_A14NNPDF23LO_H15lpluslminus2000w15, OFLCOND-RUN12-SDR-31
343495w15, 1.04976E-04, 1.0000E+00, 1.0000E+00, --, 2200, aMcAtNlo+Pythia8+EvtGen, aMcAtNloPythia8EvtGen_A14NNPDF23LO_H15lpluslminus2200w15, OFLCOND-RUN12-SDR-31
343496w15, 1.04976E-04, 1.0000E+00, 1.0000E+00, --, 2400, aMcAtNlo+Pythia8+EvtGen, aMcAtNloPythia8EvtGen_A14NNPDF23LO_H15lpluslminus2400w15, OFLCOND-RUN12-SDR-31
343497w15, 1.04976E-04, 1.0000E+00, 1.0000E+00, --, 2600, aMcAtNlo+Pythia8+EvtGen, aMcAtNloPythia8EvtGen_A14NNPDF23LO_H15lpluslminus2600w15, OFLCOND-RUN12-SDR-31
343498w15, 1.04976E-04, 1.0000E+00, 1.0000E+00, --, 2800, aMcAtNlo+Pythia8+EvtGen, aMcAtNloPythia8EvtGen_A14NNPDF23LO_H15lpluslminus2800w15, OFLCOND-RUN12-SDR-31
343499w15, 1.04976E-04, 1.0000E+00, 1.0000E+00, --, 3000, aMcAtNlo+Pythia8+EvtGen, aMcAtNloPythia8EvtGen_A14NNPDF23LO_H15lpluslminus3000w15, OFLCOND-RUN12-SDR-31

343484w10, 1.04976E-04, 1.0000E+00, 1.0000E+00, --, 200, aMcAtNlo+Pythia8+EvtGen, aMcAtNloPythia8EvtGen_A14NNPDF23LO_H15lpluslminus200w15, OFLCOND-RUN12-SDR-31
343485w10, 1.04976E-04, 1.0000E+00, 1.0000E+00, --, 400, aMcAtNlo+Pythia8+EvtGen, aMcAtNloPythia8EvtGen_A14NNPDF23LO_H15lpluslminus400w15, OFLCOND-RUN12-SDR-31
343486w10, 1.04976E-04, 1.0000E+00, 1.0000E+00, --, 600, aMcAtNlo+Pythia8+EvtGen, aMcAtNloPythia8EvtGen_A14NNPDF23LO_H15lpluslminus600w15, OFLCOND-RUN12-SDR-31
343487w10, 1.04976E-04, 1.0000E+00, 1.0000E+00, --, 750, aMcAtNlo+Pythia8+EvtGen, aMcAtNloPythia8EvtGen_A14NNPDF23LO_H15lpluslminus750w15, OFLCOND-RUN12-SDR-31
343488w10, 1.04976E-04, 1.0000E+00, 1.0000E+00, --, 800, aMcAtNlo+Pythia8+EvtGen, aMcAtNloPythia8EvtGen_A14NNPDF23LO_H15lpluslminus800w15, OFLCOND-RUN12-SDR-31
343489w10, 1.04976E-04, 1.0000E+00, 1.0000E+00, --, 1000, aMcAtNlo+Pythia8+EvtGen, aMcAtNloPythia8EvtGen_A14NNPDF23LO_H15lpluslminus1000w15, OFLCOND-RUN12-SDR-31
343490w10, 1.04976E-04, 1.0000E+00, 1.0000E+00, --, 1200, aMcAtNlo+Pythia8+EvtGen, aMcAtNloPythia8EvtGen_A14NNPDF23LO_H15lpluslminus1200w15, OFLCOND-RUN12-SDR-31
343491w10, 1.04976E-04, 1.0000E+00, 1.0000E+00, --, 1400, aMcAtNlo+Pythia8+EvtGen, aMcAtNloPythia8EvtGen_A14NNPDF23LO_H15lpluslminus1400w15, OFLCOND-RUN12-SDR-31
343492w10, 1.04976E-04, 1.0000E+00, 1.0000E+00, --, 1600, aMcAtNlo+Pythia8+EvtGen, aMcAtNloPythia8EvtGen_A14NNPDF23LO_H15lpluslminus1600w15, OFLCOND-RUN12-SDR-31
343493w10, 1.04976E-04, 1.0000E+00, 1.0000E+00, --, 1800, aMcAtNlo+Pythia8+EvtGen, aMcAtNloPythia8EvtGen_A14NNPDF23LO_H15lpluslminus1800w15, OFLCOND-RUN12-SDR-31
343494w10, 1.04976E-04, 1.0000E+00, 1.0000E+00, --, 2000, aMcAtNlo+Pythia8+EvtGen, aMcAtNloPythia8EvtGen_A14NNPDF23LO_H15lpluslminus2000w15, OFLCOND-RUN12-SDR-31
343495w10, 1.04976E-04, 1.0000E+00, 1.0000E+00, --, 2200, aMcAtNlo+Pythia8+EvtGen, aMcAtNloPythia8EvtGen_A14NNPDF23LO_H15lpluslminus2200w15, OFLCOND-RUN12-SDR-31
343496w10, 1.04976E-04, 1.0000E+00, 1.0000E+00, --, 2400, aMcAtNlo+Pythia8+EvtGen, aMcAtNloPythia8EvtGen_A14NNPDF23LO_H15lpluslminus2400w15, OFLCOND-RUN12-SDR-31
343497w10, 1.04976E-04, 1.0000E+00, 1.0000E+00, --, 2600, aMcAtNlo+Pythia8+EvtGen, aMcAtNloPythia8EvtGen_A14NNPDF23LO_H15lpluslminus2600w15, OFLCOND-RUN12-SDR-31
343498w10, 1.04976E-04, 1.0000E+00, 1.0000E+00, --, 2800, aMcAtNlo+Pythia8+EvtGen, aMcAtNloPythia8EvtGen_A14NNPDF23LO_H15lpluslminus2800w15, OFLCOND-RUN12-SDR-31
343499w10, 1.04976E-04, 1.0000E+00, 1.0000E+00, --, 3000, aMcAtNlo+Pythia8+EvtGen, aMcAtNloPythia8EvtGen_A14NNPDF23LO_H15lpluslminus3000w15, OFLCOND-RUN12-SDR-31

343484w05, 1.04976E-04, 1.0000E+00, 1.0000E+00, --, 200, aMcAtNlo+Pythia8+EvtGen, aMcAtNloPythia8EvtGen_A14NNPDF23LO_H15lpluslminus200w15, OFLCOND-RUN12-SDR-31
343485w05, 1.04976E-04, 1.0000E+00, 1.0000E+00, --, 400, aMcAtNlo+Pythia8+EvtGen, aMcAtNloPythia8EvtGen_A14NNPDF23LO_H15lpluslminus400w15, OFLCOND-RUN12-SDR-31
343486w05, 1.04976E-04, 1.0000E+00, 1.0000E+00, --, 600, aMcAtNlo+Pythia8+EvtGen, aMcAtNloPythia8EvtGen_A14NNPDF23LO_H15lpluslminus600w15, OFLCOND-RUN12-SDR-31
343487w05, 1.04976E-04, 1.0000E+00, 1.0000E+00, --, 750, aMcAtNlo+Pythia8+EvtGen, aMcAtNloPythia8EvtGen_A14NNPDF23LO_H15lpluslminus750w15, OFLCOND-RUN12-SDR-31
343488w05, 1.04976E-04, 1.0000E+00, 1.0000E+00, --, 800, aMcAtNlo+Pythia8+EvtGen, aMcAtNloPythia8EvtGen_A14NNPDF23LO_H15lpluslminus800w15, OFLCOND-RUN12-SDR-31
343489w05, 1.04976E-04, 1.0000E+00, 1.0000E+00, --, 1000, aMcAtNlo+Pythia8+EvtGen, aMcAtNloPythia8EvtGen_A14NNPDF23LO_H15lpluslminus1000w15, OFLCOND-RUN12-SDR-31
343490w05, 1.04976E-04, 1.0000E+00, 1.0000E+00, --, 1200, aMcAtNlo+Pythia8+EvtGen, aMcAtNloPythia8EvtGen_A14NNPDF23LO_H15lpluslminus1200w15, OFLCOND-RUN12-SDR-31
343491w05, 1.04976E-04, 1.0000E+00, 1.0000E+00, --, 1400, aMcAtNlo+Pythia8+EvtGen, aMcAtNloPythia8EvtGen_A14NNPDF23LO_H15lpluslminus1400w15, OFLCOND-RUN12-SDR-31
343492w05, 1.04976E-04, 1.0000E+00, 1.0000E+00, --, 1600, aMcAtNlo+Pythia8+EvtGen, aMcAtNloPythia8EvtGen_A14NNPDF23LO_H15lpluslminus1600w15, OFLCOND-RUN12-SDR-31
343493w05, 1.04976E-04, 1.0000E+00, 1.0000E+00, --, 1800, aMcAtNlo+Pythia8+EvtGen, aMcAtNloPythia8EvtGen_A14NNPDF23LO_H15lpluslminus1800w15, OFLCOND-RUN12-SDR-31
343494w05, 1.04976E-04, 1.0000E+00, 1.0000E+00, --, 2000, aMcAtNlo+Pythia8+EvtGen, aMcAtNloPythia8EvtGen_A14NNPDF23LO_H15lpluslminus2000w15, OFLCOND-RUN12-SDR-31
343495w05, 1.04976E-04, 1.0000E+00, 1.0000E+00, --, 2200, aMcAtNlo+Pythia8+EvtGen, aMcAtNloPythia8EvtGen_A14NNPDF23LO_H15lpluslminus2200w15, OFLCOND-RUN12-SDR-31
343496w05, 1.04976E-04, 1.0000E+00, 1.0000E+00, --, 2400, aMcAtNlo+Pythia8+EvtGen, aMcAtNloPythia8EvtGen_A14NNPDF23LO_H15lpluslminus2400w15, OFLCOND-RUN12-SDR-31
343497w05, 1.04976E-04, 1.0000E+00, 1.0000E+00, --, 2600, aMcAtNlo+Pythia8+EvtGen, aMcAtNloPythia8EvtGen_A14NNPDF23LO_H15lpluslminus2600w15, OFLCOND-RUN12-SDR-31
343498w05, 1.04976E-04, 1.0000E+00, 1.0000E+00, --, 2800, aMcAtNlo+Pythia8+EvtGen, aMcAtNloPythia8EvtGen_A14NNPDF23LO_H15lpluslminus2800w15, OFLCOND-RUN12-SDR-31
343499w05, 1.04976E-04, 1.0000E+00, 1.0000E+00, --, 3000, aMcAtNlo+Pythia8+EvtGen, aMcAtNloPythia8EvtGen_A14NNPDF23LO_H15lpluslminus3000w15, OFLCOND-RUN12-SDR-31

# Extended LWA

345117w15, 1.04976E-04, 1.0, 1.0, --, 250, aMcAtNloPythia8EvtGen, aMcAtNloPythia8EvtGen_A14NNPDF23LO_H15lpluslminus250w15, OFLCOND-RUN12-SDR-31
345118w15, 1.04976E-04, 1.0, 1.0, --, 250, aMcAtNloPythia8EvtGen, aMcAtNloPythia8EvtGen_A14NNPDF23LO_HVBFLWA250w15, OFLCOND-RUN12-SDR-31
345117w10, 1.04976E-04, 1.0, 1.0, --, 250, aMcAtNloPythia8EvtGen, aMcAtNloPythia8EvtGen_A14NNPDF23LO_H15lpluslminus250w15, OFLCOND-RUN12-SDR-31
345118w10, 1.04976E-04, 1.0, 1.0, --, 250, aMcAtNloPythia8EvtGen, aMcAtNloPythia8EvtGen_A14NNPDF23LO_HVBFLWA250w15, OFLCOND-RUN12-SDR-31
345117w05, 1.04976E-04, 1.0, 1.0, --, 250, aMcAtNloPythia8EvtGen, aMcAtNloPythia8EvtGen_A14NNPDF23LO_H15lpluslminus250w15, OFLCOND-RUN12-SDR-31
345118w05, 1.04976E-04, 1.0, 1.0, --, 250, aMcAtNloPythia8EvtGen, aMcAtNloPythia8EvtGen_A14NNPDF23LO_HVBFLWA250w15, OFLCOND-RUN12-SDR-31

344795w15, 1.04976E-04, 1.0, 1.0, --, 3200, aMcAtNloPythia8EvtGen, aMcAtNloPythia8EvtGen_A14NNPDF23LO_H15lpluslminus3200w15, OFLCOND-RUN12-SDR-31
344796w15, 1.04976E-04, 1.0, 1.0, --, 3400, aMcAtNloPythia8EvtGen, aMcAtNloPythia8EvtGen_A14NNPDF23LO_H15lpluslminus3400w15, OFLCOND-RUN12-SDR-31
344797w15, 1.04976E-04, 1.0, 1.0, --, 3600, aMcAtNloPythia8EvtGen, aMcAtNloPythia8EvtGen_A14NNPDF23LO_H15lpluslminus3600w15, OFLCOND-RUN12-SDR-31
344798w15, 1.04976E-04, 1.0, 1.0, --, 3800, aMcAtNloPythia8EvtGen, aMcAtNloPythia8EvtGen_A14NNPDF23LO_H15lpluslminus3800w15, OFLCOND-RUN12-SDR-31
344799w15, 1.04976E-04, 1.0, 1.0, --, 4000, aMcAtNloPythia8EvtGen, aMcAtNloPythia8EvtGen_A14NNPDF23LO_H15lpluslminus4000w15, OFLCOND-RUN12-SDR-31

344800w15, 1.04976E-04, 1.0, 1.0, --,  200, aMcAtNloPythia8EvtGen, aMcAtNloPythia8EvtGen_A14NNPDF23LO_HVBFLWA200w15, OFLCOND-RUN12-SDR-31
344801w15, 1.04976E-04, 1.0, 1.0, --,  400, aMcAtNloPythia8EvtGen, aMcAtNloPythia8EvtGen_A14NNPDF23LO_HVBFLWA400w15, OFLCOND-RUN12-SDR-31
344802w15, 1.04976E-04, 1.0, 1.0, --,  600, aMcAtNloPythia8EvtGen, aMcAtNloPythia8EvtGen_A14NNPDF23LO_HVBFLWA600w15, OFLCOND-RUN12-SDR-31
344803w15, 1.04976E-04, 1.0, 1.0, --,  800, aMcAtNloPythia8EvtGen, aMcAtNloPythia8EvtGen_A14NNPDF23LO_HVBFLWA800w15, OFLCOND-RUN12-SDR-31
344804w15, 1.04976E-04, 1.0, 1.0, --, 1000, aMcAtNloPythia8EvtGen, aMcAtNloPythia8EvtGen_A14NNPDF23LO_HVBFLWA1000w15, OFLCOND-RUN12-SDR-31
344805w15, 1.04976E-04, 1.0, 1.0, --, 1200, aMcAtNloPythia8EvtGen, aMcAtNloPythia8EvtGen_A14NNPDF23LO_HVBFLWA1200w15, OFLCOND-RUN12-SDR-31
344806w15, 1.04976E-04, 1.0, 1.0, --, 1400, aMcAtNloPythia8EvtGen, aMcAtNloPythia8EvtGen_A14NNPDF23LO_HVBFLWA1400w15, OFLCOND-RUN12-SDR-31
344807w15, 1.04976E-04, 1.0, 1.0, --, 1600, aMcAtNloPythia8EvtGen, aMcAtNloPythia8EvtGen_A14NNPDF23LO_HVBFLWA1600w15, OFLCOND-RUN12-SDR-31
344808w15, 1.04976E-04, 1.0, 1.0, --, 1800, aMcAtNloPythia8EvtGen, aMcAtNloPythia8EvtGen_A14NNPDF23LO_HVBFLWA1800w15, OFLCOND-RUN12-SDR-31
344809w15, 1.04976E-04, 1.0, 1.0, --, 2000, aMcAtNloPythia8EvtGen, aMcAtNloPythia8EvtGen_A14NNPDF23LO_HVBFLWA2000w15, OFLCOND-RUN12-SDR-31
344810w15, 1.04976E-04, 1.0, 1.0, --, 2200, aMcAtNloPythia8EvtGen, aMcAtNloPythia8EvtGen_A14NNPDF23LO_HVBFLWA2200w15, OFLCOND-RUN12-SDR-31
344811w15, 1.04976E-04, 1.0, 1.0, --, 2400, aMcAtNloPythia8EvtGen, aMcAtNloPythia8EvtGen_A14NNPDF23LO_HVBFLWA2400w15, OFLCOND-RUN12-SDR-31
344812w15, 1.04976E-04, 1.0, 1.0, --, 2600, aMcAtNloPythia8EvtGen, aMcAtNloPythia8EvtGen_A14NNPDF23LO_HVBFLWA2600w15, OFLCOND-RUN12-SDR-31
344813w15, 1.04976E-04, 1.0, 1.0, --, 2800, aMcAtNloPythia8EvtGen, aMcAtNloPythia8EvtGen_A14NNPDF23LO_HVBFLWA2800w15, OFLCOND-RUN12-SDR-31
344814w15, 1.04976E-04, 1.0, 1.0, --, 3000, aMcAtNloPythia8EvtGen, aMcAtNloPythia8EvtGen_A14NNPDF23LO_HVBFLWA3000w15, OFLCOND-RUN12-SDR-31
344815w15, 1.04976E-04, 1.0, 1.0, --, 3200, aMcAtNloPythia8EvtGen, aMcAtNloPythia8EvtGen_A14NNPDF23LO_HVBFLWA3200w15, OFLCOND-RUN12-SDR-31
344816w15, 1.04976E-04, 1.0, 1.0, --, 3400, aMcAtNloPythia8EvtGen, aMcAtNloPythia8EvtGen_A14NNPDF23LO_HVBFLWA3400w15, OFLCOND-RUN12-SDR-31
344817w15, 1.04976E-04, 1.0, 1.0, --, 3600, aMcAtNloPythia8EvtGen, aMcAtNloPythia8EvtGen_A14NNPDF23LO_HVBFLWA3600w15, OFLCOND-RUN12-SDR-31
344818w15, 1.04976E-04, 1.0, 1.0, --, 3800, aMcAtNloPythia8EvtGen, aMcAtNloPythia8EvtGen_A14NNPDF23LO_HVBFLWA3800w15, OFLCOND-RUN12-SDR-31
344819w15, 1.04976E-04, 1.0, 1.0, --, 4000, aMcAtNloPythia8EvtGen, aMcAtNloPythia8EvtGen_A14NNPDF23LO_HVBFLWA4000w15, OFLCOND-RUN12-SDR-31

344795w10, 1.04976E-04, 1.0, 1.0, --, 3200, aMcAtNloPythia8EvtGen, aMcAtNloPythia8EvtGen_A14NNPDF23LO_H15lpluslminus3200w15, OFLCOND-RUN12-SDR-31
344796w10, 1.04976E-04, 1.0, 1.0, --, 3400, aMcAtNloPythia8EvtGen, aMcAtNloPythia8EvtGen_A14NNPDF23LO_H15lpluslminus3400w15, OFLCOND-RUN12-SDR-31
344797w10, 1.04976E-04, 1.0, 1.0, --, 3600, aMcAtNloPythia8EvtGen, aMcAtNloPythia8EvtGen_A14NNPDF23LO_H15lpluslminus3600w15, OFLCOND-RUN12-SDR-31
344798w10, 1.04976E-04, 1.0, 1.0, --, 3800, aMcAtNloPythia8EvtGen, aMcAtNloPythia8EvtGen_A14NNPDF23LO_H15lpluslminus3800w15, OFLCOND-RUN12-SDR-31
344799w10, 1.04976E-04, 1.0, 1.0, --, 4000, aMcAtNloPythia8EvtGen, aMcAtNloPythia8EvtGen_A14NNPDF23LO_H15lpluslminus4000w15, OFLCOND-RUN12-SDR-31

344800w10, 1.04976E-04, 1.0, 1.0, --,  200, aMcAtNloPythia8EvtGen, aMcAtNloPythia8EvtGen_A14NNPDF23LO_HVBFLWA200w15, OFLCOND-RUN12-SDR-31
344801w10, 1.04976E-04, 1.0, 1.0, --,  400, aMcAtNloPythia8EvtGen, aMcAtNloPythia8EvtGen_A14NNPDF23LO_HVBFLWA400w15, OFLCOND-RUN12-SDR-31
344802w10, 1.04976E-04, 1.0, 1.0, --,  600, aMcAtNloPythia8EvtGen, aMcAtNloPythia8EvtGen_A14NNPDF23LO_HVBFLWA600w15, OFLCOND-RUN12-SDR-31
344803w10, 1.04976E-04, 1.0, 1.0, --,  800, aMcAtNloPythia8EvtGen, aMcAtNloPythia8EvtGen_A14NNPDF23LO_HVBFLWA800w15, OFLCOND-RUN12-SDR-31
344804w10, 1.04976E-04, 1.0, 1.0, --, 1000, aMcAtNloPythia8EvtGen, aMcAtNloPythia8EvtGen_A14NNPDF23LO_HVBFLWA1000w15, OFLCOND-RUN12-SDR-31
344805w10, 1.04976E-04, 1.0, 1.0, --, 1200, aMcAtNloPythia8EvtGen, aMcAtNloPythia8EvtGen_A14NNPDF23LO_HVBFLWA1200w15, OFLCOND-RUN12-SDR-31
344806w10, 1.04976E-04, 1.0, 1.0, --, 1400, aMcAtNloPythia8EvtGen, aMcAtNloPythia8EvtGen_A14NNPDF23LO_HVBFLWA1400w15, OFLCOND-RUN12-SDR-31
344807w10, 1.04976E-04, 1.0, 1.0, --, 1600, aMcAtNloPythia8EvtGen, aMcAtNloPythia8EvtGen_A14NNPDF23LO_HVBFLWA1600w15, OFLCOND-RUN12-SDR-31
344808w10, 1.04976E-04, 1.0, 1.0, --, 1800, aMcAtNloPythia8EvtGen, aMcAtNloPythia8EvtGen_A14NNPDF23LO_HVBFLWA1800w15, OFLCOND-RUN12-SDR-31
344809w10, 1.04976E-04, 1.0, 1.0, --, 2000, aMcAtNloPythia8EvtGen, aMcAtNloPythia8EvtGen_A14NNPDF23LO_HVBFLWA2000w15, OFLCOND-RUN12-SDR-31
344810w10, 1.04976E-04, 1.0, 1.0, --, 2200, aMcAtNloPythia8EvtGen, aMcAtNloPythia8EvtGen_A14NNPDF23LO_HVBFLWA2200w15, OFLCOND-RUN12-SDR-31
344811w10, 1.04976E-04, 1.0, 1.0, --, 2400, aMcAtNloPythia8EvtGen, aMcAtNloPythia8EvtGen_A14NNPDF23LO_HVBFLWA2400w15, OFLCOND-RUN12-SDR-31
344812w10, 1.04976E-04, 1.0, 1.0, --, 2600, aMcAtNloPythia8EvtGen, aMcAtNloPythia8EvtGen_A14NNPDF23LO_HVBFLWA2600w15, OFLCOND-RUN12-SDR-31
344813w10, 1.04976E-04, 1.0, 1.0, --, 2800, aMcAtNloPythia8EvtGen, aMcAtNloPythia8EvtGen_A14NNPDF23LO_HVBFLWA2800w15, OFLCOND-RUN12-SDR-31
344814w10, 1.04976E-04, 1.0, 1.0, --, 3000, aMcAtNloPythia8EvtGen, aMcAtNloPythia8EvtGen_A14NNPDF23LO_HVBFLWA3000w15, OFLCOND-RUN12-SDR-31
344815w10, 1.04976E-04, 1.0, 1.0, --, 3200, aMcAtNloPythia8EvtGen, aMcAtNloPythia8EvtGen_A14NNPDF23LO_HVBFLWA3200w15, OFLCOND-RUN12-SDR-31
344816w10, 1.04976E-04, 1.0, 1.0, --, 3400, aMcAtNloPythia8EvtGen, aMcAtNloPythia8EvtGen_A14NNPDF23LO_HVBFLWA3400w15, OFLCOND-RUN12-SDR-31
344817w10, 1.04976E-04, 1.0, 1.0, --, 3600, aMcAtNloPythia8EvtGen, aMcAtNloPythia8EvtGen_A14NNPDF23LO_HVBFLWA3600w15, OFLCOND-RUN12-SDR-31
344818w10, 1.04976E-04, 1.0, 1.0, --, 3800, aMcAtNloPythia8EvtGen, aMcAtNloPythia8EvtGen_A14NNPDF23LO_HVBFLWA3800w15, OFLCOND-RUN12-SDR-31
344819w10, 1.04976E-04, 1.0, 1.0, --, 4000, aMcAtNloPythia8EvtGen, aMcAtNloPythia8EvtGen_A14NNPDF23LO_HVBFLWA4000w15, OFLCOND-RUN12-SDR-31

344795w05, 1.04976E-04, 1.0, 1.0, --, 3200, aMcAtNloPythia8EvtGen, aMcAtNloPythia8EvtGen_A14NNPDF23LO_H15lpluslminus3200w15, OFLCOND-RUN12-SDR-31
344796w05, 1.04976E-04, 1.0, 1.0, --, 3400, aMcAtNloPythia8EvtGen, aMcAtNloPythia8EvtGen_A14NNPDF23LO_H15lpluslminus3400w15, OFLCOND-RUN12-SDR-31
344797w05, 1.04976E-04, 1.0, 1.0, --, 3600, aMcAtNloPythia8EvtGen, aMcAtNloPythia8EvtGen_A14NNPDF23LO_H15lpluslminus3600w15, OFLCOND-RUN12-SDR-31
344798w05, 1.04976E-04, 1.0, 1.0, --, 3800, aMcAtNloPythia8EvtGen, aMcAtNloPythia8EvtGen_A14NNPDF23LO_H15lpluslminus3800w15, OFLCOND-RUN12-SDR-31
344799w05, 1.04976E-04, 1.0, 1.0, --, 4000, aMcAtNloPythia8EvtGen, aMcAtNloPythia8EvtGen_A14NNPDF23LO_H15lpluslminus4000w15, OFLCOND-RUN12-SDR-31

344800w05, 1.04976E-04, 1.0, 1.0, --,  200, aMcAtNloPythia8EvtGen, aMcAtNloPythia8EvtGen_A14NNPDF23LO_HVBFLWA200w15, OFLCOND-RUN12-SDR-31
344801w05, 1.04976E-04, 1.0, 1.0, --,  400, aMcAtNloPythia8EvtGen, aMcAtNloPythia8EvtGen_A14NNPDF23LO_HVBFLWA400w15, OFLCOND-RUN12-SDR-31
344802w05, 1.04976E-04, 1.0, 1.0, --,  600, aMcAtNloPythia8EvtGen, aMcAtNloPythia8EvtGen_A14NNPDF23LO_HVBFLWA600w15, OFLCOND-RUN12-SDR-31
344803w05, 1.04976E-04, 1.0, 1.0, --,  800, aMcAtNloPythia8EvtGen, aMcAtNloPythia8EvtGen_A14NNPDF23LO_HVBFLWA800w15, OFLCOND-RUN12-SDR-31
344804w05, 1.04976E-04, 1.0, 1.0, --, 1000, aMcAtNloPythia8EvtGen, aMcAtNloPythia8EvtGen_A14NNPDF23LO_HVBFLWA1000w15, OFLCOND-RUN12-SDR-31
344805w05, 1.04976E-04, 1.0, 1.0, --, 1200, aMcAtNloPythia8EvtGen, aMcAtNloPythia8EvtGen_A14NNPDF23LO_HVBFLWA1200w15, OFLCOND-RUN12-SDR-31
344806w05, 1.04976E-04, 1.0, 1.0, --, 1400, aMcAtNloPythia8EvtGen, aMcAtNloPythia8EvtGen_A14NNPDF23LO_HVBFLWA1400w15, OFLCOND-RUN12-SDR-31
344807w05, 1.04976E-04, 1.0, 1.0, --, 1600, aMcAtNloPythia8EvtGen, aMcAtNloPythia8EvtGen_A14NNPDF23LO_HVBFLWA1600w15, OFLCOND-RUN12-SDR-31
344808w05, 1.04976E-04, 1.0, 1.0, --, 1800, aMcAtNloPythia8EvtGen, aMcAtNloPythia8EvtGen_A14NNPDF23LO_HVBFLWA1800w15, OFLCOND-RUN12-SDR-31
344809w05, 1.04976E-04, 1.0, 1.0, --, 2000, aMcAtNloPythia8EvtGen, aMcAtNloPythia8EvtGen_A14NNPDF23LO_HVBFLWA2000w15, OFLCOND-RUN12-SDR-31
344810w05, 1.04976E-04, 1.0, 1.0, --, 2200, aMcAtNloPythia8EvtGen, aMcAtNloPythia8EvtGen_A14NNPDF23LO_HVBFLWA2200w15, OFLCOND-RUN12-SDR-31
344811w05, 1.04976E-04, 1.0, 1.0, --, 2400, aMcAtNloPythia8EvtGen, aMcAtNloPythia8EvtGen_A14NNPDF23LO_HVBFLWA2400w15, OFLCOND-RUN12-SDR-31
344812w05, 1.04976E-04, 1.0, 1.0, --, 2600, aMcAtNloPythia8EvtGen, aMcAtNloPythia8EvtGen_A14NNPDF23LO_HVBFLWA2600w15, OFLCOND-RUN12-SDR-31
344813w05, 1.04976E-04, 1.0, 1.0, --, 2800, aMcAtNloPythia8EvtGen, aMcAtNloPythia8EvtGen_A14NNPDF23LO_HVBFLWA2800w15, OFLCOND-RUN12-SDR-31
344814w05, 1.04976E-04, 1.0, 1.0, --, 3000, aMcAtNloPythia8EvtGen, aMcAtNloPythia8EvtGen_A14NNPDF23LO_HVBFLWA3000w15, OFLCOND-RUN12-SDR-31
344815w05, 1.04976E-04, 1.0, 1.0, --, 3200, aMcAtNloPythia8EvtGen, aMcAtNloPythia8EvtGen_A14NNPDF23LO_HVBFLWA3200w15, OFLCOND-RUN12-SDR-31
344816w05, 1.04976E-04, 1.0, 1.0, --, 3400, aMcAtNloPythia8EvtGen, aMcAtNloPythia8EvtGen_A14NNPDF23LO_HVBFLWA3400w15, OFLCOND-RUN12-SDR-31
344817w05, 1.04976E-04, 1.0, 1.0, --, 3600, aMcAtNloPythia8EvtGen, aMcAtNloPythia8EvtGen_A14NNPDF23LO_HVBFLWA3600w15, OFLCOND-RUN12-SDR-31
344818w05, 1.04976E-04, 1.0, 1.0, --, 3800, aMcAtNloPythia8EvtGen, aMcAtNloPythia8EvtGen_A14NNPDF23LO_HVBFLWA3800w15, OFLCOND-RUN12-SDR-31
344819w05, 1.04976E-04, 1.0, 1.0, --, 4000, aMcAtNloPythia8EvtGen, aMcAtNloPythia8EvtGen_A14NNPDF23LO_HVBFLWA4000w15, OFLCOND-RUN12-SDR-31

# HVT qqF

302141, 1.04976E-04, 1, 1, --, 500, MadGraph+Pythia8+EvtGen, MadGraphPythia8EvtGen_A14NNPDF23LO_HVT_Agv1_VzWW_lvlv_m0500, OFLCOND-MC15c-SDR-09
302143, 1.04976E-04, 1, 1, --, 700, MadGraph+Pythia8+EvtGen, MadGraphPythia8EvtGen_A14NNPDF23LO_HVT_Agv1_VzWW_lvlv_m0700, OFLCOND-MC15c-SDR-09
302144, 1.04976E-04, 1, 1, --, 800, MadGraph+Pythia8+EvtGen, MadGraphPythia8EvtGen_A14NNPDF23LO_HVT_Agv1_VzWW_lvlv_m0800, OFLCOND-MC15c-SDR-09
302145, 1.04976E-04, 1, 1, --, 900, MadGraph+Pythia8+EvtGen, MadGraphPythia8EvtGen_A14NNPDF23LO_HVT_Agv1_VzWW_lvlv_m0900, OFLCOND-MC15c-SDR-09
302146, 1.04976E-04, 1, 1, --, 1000, MadGraph+Pythia8+EvtGen, MadGraphPythia8EvtGen_A14NNPDF23LO_HVT_Agv1_VzWW_lvlv_m1000, OFLCOND-MC15c-SDR-09
302147, 1.04976E-04, 1, 1, --, 1100, MadGraph+Pythia8+EvtGen, MadGraphPythia8EvtGen_A14NNPDF23LO_HVT_Agv1_VzWW_lvlv_m1100, OFLCOND-MC15c-SDR-09
302148, 1.04976E-04, 1, 1, --, 1200, MadGraph+Pythia8+EvtGen, MadGraphPythia8EvtGen_A14NNPDF23LO_HVT_Agv1_VzWW_lvlv_m1200, OFLCOND-MC15c-SDR-09
302149, 1.04976E-04, 1, 1, --, 1300, MadGraph+Pythia8+EvtGen, MadGraphPythia8EvtGen_A14NNPDF23LO_HVT_Agv1_VzWW_lvlv_m1300, OFLCOND-MC15c-SDR-09
302150, 1.04976E-04, 1, 1, --, 1400, MadGraph+Pythia8+EvtGen, MadGraphPythia8EvtGen_A14NNPDF23LO_HVT_Agv1_VzWW_lvlv_m1400, OFLCOND-MC15c-SDR-09
302151, 1.04976E-04, 1, 1, --, 1500, MadGraph+Pythia8+EvtGen, MadGraphPythia8EvtGen_A14NNPDF23LO_HVT_Agv1_VzWW_lvlv_m1500, OFLCOND-MC15c-SDR-09
302152, 1.04976E-04, 1, 1, --, 1600, MadGraph+Pythia8+EvtGen, MadGraphPythia8EvtGen_A14NNPDF23LO_HVT_Agv1_VzWW_lvlv_m1600, OFLCOND-MC15c-SDR-09
302153, 1.04976E-04, 1, 1, --, 1700, MadGraph+Pythia8+EvtGen, MadGraphPythia8EvtGen_A14NNPDF23LO_HVT_Agv1_VzWW_lvlv_m1700, OFLCOND-MC15c-SDR-09
302154, 1.04976E-04, 1, 1, --, 1800, MadGraph+Pythia8+EvtGen, MadGraphPythia8EvtGen_A14NNPDF23LO_HVT_Agv1_VzWW_lvlv_m1800, OFLCOND-MC15c-SDR-09
302155, 1.04976E-04, 1, 1, --, 1900, MadGraph+Pythia8+EvtGen, MadGraphPythia8EvtGen_A14NNPDF23LO_HVT_Agv1_VzWW_lvlv_m1900, OFLCOND-MC15c-SDR-09
302156, 1.04976E-04, 1, 1, --, 2000, MadGraph+Pythia8+EvtGen, MadGraphPythia8EvtGen_A14NNPDF23LO_HVT_Agv1_VzWW_lvlv_m2000, OFLCOND-MC15c-SDR-09
302157, 1.04976E-04, 1, 1, --, 2200, MadGraph+Pythia8+EvtGen, MadGraphPythia8EvtGen_A14NNPDF23LO_HVT_Agv1_VzWW_lvlv_m2200, OFLCOND-MC15c-SDR-09
302158, 1.04976E-04, 1, 1, --, 2400, MadGraph+Pythia8+EvtGen, MadGraphPythia8EvtGen_A14NNPDF23LO_HVT_Agv1_VzWW_lvlv_m2400, OFLCOND-MC15c-SDR-09
302159, 1.04976E-04, 1, 1, --, 2600, MadGraph+Pythia8+EvtGen, MadGraphPythia8EvtGen_A14NNPDF23LO_HVT_Agv1_VzWW_lvlv_m2600, OFLCOND-MC15c-SDR-09
302160, 1.04976E-04, 1, 1, --, 2800, MadGraph+Pythia8+EvtGen, MadGraphPythia8EvtGen_A14NNPDF23LO_HVT_Agv1_VzWW_lvlv_m2800, OFLCOND-MC15c-SDR-09
302161, 1.04976E-04, 1, 1, --, 3000, MadGraph+Pythia8+EvtGen, MadGraphPythia8EvtGen_A14NNPDF23LO_HVT_Agv1_VzWW_lvlv_m3000, OFLCOND-MC15c-SDR-09
302162, 1.04976E-04, 1, 1, --, 3500, MadGraph+Pythia8+EvtGen, MadGraphPythia8EvtGen_A14NNPDF23LO_HVT_Agv1_VzWW_lvlv_m3500, OFLCOND-MC15c-SDR-09
302163, 1.04976E-04, 1, 1, --, 4000, MadGraph+Pythia8+EvtGen, MadGraphPythia8EvtGen_A14NNPDF23LO_HVT_Agv1_VzWW_lvlv_m4000, OFLCOND-MC15c-SDR-09
302164, 1.04976E-04, 1, 1, --, 4500, MadGraph+Pythia8+EvtGen, MadGraphPythia8EvtGen_A14NNPDF23LO_HVT_Agv1_VzWW_lvlv_m4500, OFLCOND-MC15c-SDR-09
302165, 1.04976E-04, 1, 1, --, 5000, MadGraph+Pythia8+EvtGen, MadGraphPythia8EvtGen_A14NNPDF23LO_HVT_Agv1_VzWW_lvlv_m5000, OFLCOND-MC15c-SDR-09

# HVT VBF

307769, 1.04976E-04, 1, 1 --, 300, MadGraph+Pythia8+EvtGen, MGPy8EG_NNPDF30LO_A14NNPDF23LO_HVTVBFWWlvlvm300, OFLCOND-MC15c-SDR-09
307770, 1.04976E-04, 1, 1 --, 350, MadGraph+Pythia8+EvtGen, MGPy8EG_NNPDF30LO_A14NNPDF23LO_HVTVBFWWlvlvm350, OFLCOND-MC15c-SDR-09
307771, 1.04976E-04, 1, 1 --, 400, MadGraph+Pythia8+EvtGen, MGPy8EG_NNPDF30LO_A14NNPDF23LO_HVTVBFWWlvlvm400, OFLCOND-MC15c-SDR-09
307772, 1.04976E-04, 1, 1 --, 450, MadGraph+Pythia8+EvtGen, MGPy8EG_NNPDF30LO_A14NNPDF23LO_HVTVBFWWlvlvm450, OFLCOND-MC15c-SDR-09
307773, 1.04976E-04, 1, 1 --, 500, MadGraph+Pythia8+EvtGen, MGPy8EG_NNPDF30LO_A14NNPDF23LO_HVTVBFWWlvlvm500, OFLCOND-MC15c-SDR-09
307774, 1.04976E-04, 1, 1 --, 600, MadGraph+Pythia8+EvtGen, MGPy8EG_NNPDF30LO_A14NNPDF23LO_HVTVBFWWlvlvm600, OFLCOND-MC15c-SDR-09
307775, 1.04976E-04, 1, 1 --, 700, MadGraph+Pythia8+EvtGen, MGPy8EG_NNPDF30LO_A14NNPDF23LO_HVTVBFWWlvlvm700, OFLCOND-MC15c-SDR-09
307776, 1.04976E-04, 1, 1 --, 800, MadGraph+Pythia8+EvtGen, MGPy8EG_NNPDF30LO_A14NNPDF23LO_HVTVBFWWlvlvm800, OFLCOND-MC15c-SDR-09
307777, 1.04976E-04, 1, 1 --, 900, MadGraph+Pythia8+EvtGen, MGPy8EG_NNPDF30LO_A14NNPDF23LO_HVTVBFWWlvlvm900, OFLCOND-MC15c-SDR-09
307778, 1.04976E-04, 1, 1 --, 1000, MadGraph+Pythia8+EvtGen, MGPy8EG_NNPDF30LO_A14NNPDF23LO_HVTVBFWWlvlvm1000, OFLCOND-MC15c-SDR-09

# RS Graviton

303249, 1.04976E-04, 1, 1, --, 600, MadGraph+Pythia8+EvtGen, MadGraphPythia8EvtGen_A14NNPDF23LO_RS_G_WW_lvlv_c10_m0600, OFLCOND-MC15c-SDR-09
303250, 1.04976E-04, 1, 1, --, 800, MadGraph+Pythia8+EvtGen, MadGraphPythia8EvtGen_A14NNPDF23LO_RS_G_WW_lvlv_c10_m0800, OFLCOND-MC15c-SDR-09
303251, 1.04976E-04, 1, 1, --, 1000, MadGraph+Pythia8+EvtGen, MadGraphPythia8EvtGen_A14NNPDF23LO_RS_G_WW_lvlv_c10_m1000, OFLCOND-MC15c-SDR-09
303252, 1.04976E-04, 1, 1, --, 1200, MadGraph+Pythia8+EvtGen, MadGraphPythia8EvtGen_A14NNPDF23LO_RS_G_WW_lvlv_c10_m1200, OFLCOND-MC15c-SDR-09
303253, 1.04976E-04, 1, 1, --, 1400, MadGraph+Pythia8+EvtGen, MadGraphPythia8EvtGen_A14NNPDF23LO_RS_G_WW_lvlv_c10_m1400, OFLCOND-MC15c-SDR-09
303254, 1.04976E-04, 1, 1, --, 1600, MadGraph+Pythia8+EvtGen, MadGraphPythia8EvtGen_A14NNPDF23LO_RS_G_WW_lvlv_c10_m1600, OFLCOND-MC15c-SDR-09
303255, 1.04976E-04, 1, 1, --, 1800, MadGraph+Pythia8+EvtGen, MadGraphPythia8EvtGen_A14NNPDF23LO_RS_G_WW_lvlv_c10_m1800, OFLCOND-MC15c-SDR-09
303256, 1.04976E-04, 1, 1, --, 2000, MadGraph+Pythia8+EvtGen, MadGraphPythia8EvtGen_A14NNPDF23LO_RS_G_WW_lvlv_c10_m2000, OFLCOND-MC15c-SDR-09

# GM VBF

307779, 1.04976E-04, 1, 1 --, 200, MadGraph+Pythia8+EvtGen, MGPy8EG_NNPDF30LO_A14NNPDF23LO_GMVBFWWlvlvm200, OFLCOND-MC15c-SDR-09
307780, 1.04976E-04, 1, 1 --, 250, MadGraph+Pythia8+EvtGen, MGPy8EG_NNPDF30LO_A14NNPDF23LO_GMVBFWWlvlvm250, OFLCOND-MC15c-SDR-09
307781, 1.04976E-04, 1, 1 --, 300, MadGraph+Pythia8+EvtGen, MGPy8EG_NNPDF30LO_A14NNPDF23LO_GMVBFWWlvlvm300, OFLCOND-MC15c-SDR-09
307782, 1.04976E-04, 1, 1 --, 350, MadGraph+Pythia8+EvtGen, MGPy8EG_NNPDF30LO_A14NNPDF23LO_GMVBFWWlvlvm350, OFLCOND-MC15c-SDR-09
307783, 1.04976E-04, 1, 1 --, 400, MadGraph+Pythia8+EvtGen, MGPy8EG_NNPDF30LO_A14NNPDF23LO_GMVBFWWlvlvm400, OFLCOND-MC15c-SDR-09
307784, 1.04976E-04, 1, 1 --, 450, MadGraph+Pythia8+EvtGen, MGPy8EG_NNPDF30LO_A14NNPDF23LO_GMVBFWWlvlvm450, OFLCOND-MC15c-SDR-09
307785, 1.04976E-04, 1, 1 --, 500, MadGraph+Pythia8+EvtGen, MGPy8EG_NNPDF30LO_A14NNPDF23LO_GMVBFWWlvlvm500, OFLCOND-MC15c-SDR-09
307786, 1.04976E-04, 1, 1 --, 600, MadGraph+Pythia8+EvtGen, MGPy8EG_NNPDF30LO_A14NNPDF23LO_GMVBFWWlvlvm600, OFLCOND-MC15c-SDR-09
307787, 1.04976E-04, 1, 1 --, 700, MadGraph+Pythia8+EvtGen, MGPy8EG_NNPDF30LO_A14NNPDF23LO_GMVBFWWlvlvm700, OFLCOND-MC15c-SDR-09
307788, 1.04976E-04, 1, 1 --, 800, MadGraph+Pythia8+EvtGen, MGPy8EG_NNPDF30LO_A14NNPDF23LO_GMVBFWWlvlvm800, OFLCOND-MC15c-SDR-09
307789, 1.04976E-04, 1, 1 --, 900, MadGraph+Pythia8+EvtGen, MGPy8EG_NNPDF30LO_A14NNPDF23LO_GMVBFWWlvlvm900, OFLCOND-MC15c-SDR-09
307790, 1.04976E-04, 1, 1 --, 1000, MadGraph+Pythia8+EvtGen, MGPy8EG_NNPDF30LO_A14NNPDF23LO_GMVBFWWlvlvm1000, OFLCOND-MC15c-SDR-09

# Spin2 VBF

307998, 1.04976E-04, 1, 1 --, 200, VBFNLO+Pythia8+EvtGen, VBFNLOPy8EG_NNPDF30LO_A14NNPDF23LO_Spin2VBFWWlvlvm200, OFLCOND-MC15c-SDR-09
307999, 1.04976E-04, 1, 1 --, 250, VBFNLO+Pythia8+EvtGen, VBFNLOPy8EG_NNPDF30LO_A14NNPDF23LO_Spin2VBFWWlvlvm250, OFLCOND-MC15c-SDR-09
308000, 1.04976E-04, 1, 1 --, 300, VBFNLO+Pythia8+EvtGen, VBFNLOPy8EG_NNPDF30LO_A14NNPDF23LO_Spin2VBFWWlvlvm300, OFLCOND-MC15c-SDR-09
308001, 1.04976E-04, 1, 1 --, 350, VBFNLO+Pythia8+EvtGen, VBFNLOPy8EG_NNPDF30LO_A14NNPDF23LO_Spin2VBFWWlvlvm350, OFLCOND-MC15c-SDR-09
308002, 1.04976E-04, 1, 1 --, 400, VBFNLO+Pythia8+EvtGen, VBFNLOPy8EG_NNPDF30LO_A14NNPDF23LO_Spin2VBFWWlvlvm400, OFLCOND-MC15c-SDR-09
308003, 1.04976E-04, 1, 1 --, 450, VBFNLO+Pythia8+EvtGen, VBFNLOPy8EG_NNPDF30LO_A14NNPDF23LO_Spin2VBFWWlvlvm450, OFLCOND-MC15c-SDR-09
308004, 1.04976E-04, 1, 1 --, 500, VBFNLO+Pythia8+EvtGen, VBFNLOPy8EG_NNPDF30LO_A14NNPDF23LO_Spin2VBFWWlvlvm500, OFLCOND-MC15c-SDR-09
308005, 1.04976E-04, 1, 1 --, 600, VBFNLO+Pythia8+EvtGen, VBFNLOPy8EG_NNPDF30LO_A14NNPDF23LO_Spin2VBFWWlvlvm600, OFLCOND-MC15c-SDR-09
308006, 1.04976E-04, 1, 1 --, 700, VBFNLO+Pythia8+EvtGen, VBFNLOPy8EG_NNPDF30LO_A14NNPDF23LO_Spin2VBFWWlvlvm700, OFLCOND-MC15c-SDR-09
308007, 1.04976E-04, 1, 1 --, 800, VBFNLO+Pythia8+EvtGen, VBFNLOPy8EG_NNPDF30LO_A14NNPDF23LO_Spin2VBFWWlvlvm800, OFLCOND-MC15c-SDR-09
308008, 1.04976E-04, 1, 1 --, 900, VBFNLO+Pythia8+EvtGen, VBFNLOPy8EG_NNPDF30LO_A14NNPDF23LO_Spin2VBFWWlvlvm900, OFLCOND-MC15c-SDR-09
308009, 1.04976E-04, 1, 1 --, 1000, VBFNLO+Pythia8+EvtGen, VBFNLOPy8EG_NNPDF30LO_A14NNPDF23LO_Spin2VBFWWlvlvm1000, OFLCOND-MC15c-SDR-09

# ttH
342299, 5.085E-04, 1, 1 --, 125, aMcAtNlo+Herwigpp+EvtGen, aMcAtNloHerwigppEvtGen_UEEE5_CTEQ6L1_CT10ME_ttH125_inc, DUMMY
343365, 5.343E-05, 1, 1 --, 125, aMcAtNlo+Pythia8+EvtGen, aMcAtNloPythia8EvtGen_A14_NNPDF23_NNPDF30ME_ttH125_dilep, DUMMY
